No	Symbol	StockName	Sector	Industry
1	AADI	エアピオ・ファー...	ヘルスケア	バイオテクノロジー
2	AAN	アーロンズ	資本財	レンタル・リース
3	AAON	エーエーオーエヌ	素材	建設資材
4	AAT	アメリカン・アセ...	不動産	REIT-Diversified
5	ABCB	アメリス・バンコープ	金融	アメリカ地域銀行
6	ABCL	アブセレラ・バイ...	ヘルスケア	バイオテクノロジー
7	ABG	アズベリー・オー...	一般消費財	自動車小売り
8	ABM	エービーエム・イ...	資本財	サービス業
9	ABR	アーバー・リアル...	金融	REIT-Mortgage
10	ABSI	アブサイ	ヘルスケア	バイオテクノロジー
11	ABUS	アルブータス・バ...	ヘルスケア	バイオテクノロジー
12	AC	アソシエイテッド...	金融	総合資本市場
13	ACA	アルコサ	資本財	高速道路・鉄道路線
14	ACAD	アカディア・ファ...	ヘルスケア	バイオテクノロジー
15	ACCD	アコレード	ヘルスケア	ヘルスケア・テクノロジー
16	ACCO	エッコー・ブランズ	資本財	事務サービス・用品
17	ACEL	アクセル・エンタ...	一般消費財	Gambling
18	ACET	アセト	ヘルスケア	バイオテクノロジー
19	ACHR	アーチャー・アビ...	資本財	航空宇宙・防衛
20	ACIW	エーシーアイ・ワ...	情報技術	アプリケーション・ソフトウェア
21	ACLS	アクセリス・テク...	情報技術	半導体装置
22	ACLX	ArcellxInc	Healthcare	Biotechnology
23	ACMR	ACMResearchInc	情報技術	Semiconductor Equipment & Mate
24	ACNB	ＡＣＮＢコープ	金融	アメリカ地域銀行
25	ACRE	アレス・コマーシ...	金融	REIT-Mortgage
26	ACRS	アクラリス・セラ...	ヘルスケア	バイオテクノロジー
27	ACRV	AcrivonTherapeuti...	Healthcare	Biotechnology
28	ACT	エナクト・ホール...	金融サービス	Insurance-Specialty
29	ACVA	ACVAuctionsInc	テクノロジー	Software-Application
30	ADC	アグリー・リアル...	不動産	REIT-Retail
31	ADEA	ADEIA CORP	Technology	Software-Application
32	ADMA	ADMAバイオロジックス	ヘルスケア	バイオテクノロジー
33	ADNT	アディエント	一般消費財	自動車部品・装置
34	ADPT	AdaptiveBiotechno...	ヘルスケア	バイオテクノロジー
35	ADTH	AdTheorent Holdin...	電気通信	Advertising Agencies
36	ADTN	アドトラン	情報技術	通信機器
37	ADUS	アディス・ホームケア	ヘルスケア	ヘルスケアサービス
38	ADV	コンヤーズ・パー...	その他	その他
39	AEIS	アドバンスト・エ...	情報技術	電子部品
40	AEL	アメリカン・エク...	金融	生命保険・健康保険
41	AEO	アメリカン・イー...	一般消費財	衣料小売り
42	AEVA	エイバ・テクノロ...	景気連動型消費財	Auto Parts
43	AFCG	エーエフシー・ガンマ	不動産	REIT-Specialty
44	AFMD	アフィメド	ヘルスケア	バイオテクノロジー
45	AGEN	アジェナス	ヘルスケア	バイオテクノロジー
46	AGIO	アギオス・ファー...	ヘルスケア	バイオテクノロジー
47	AGM	フェデラル・アグ...	金融	消費者金融
48	AGTI	AgilitiInc	ヘルスケア	Health Information Services
49	AGX	アルガン	資本財	建設・土木
50	AGYS	アジリシス	情報技術	アプリケーション・ソフトウェア
51	AHCO	AdaptHealthCorp	ヘルスケア	Medical Devices
52	AHH	アルマダ・ハフラ...	不動産	REIT-Diversified
53	AHT	アシュフォード・...	不動産	REIT-Hotel & Motel
54	AI	シースリー・エーアイ	情報技術	システム・ソフトウェア
55	AIN	アルバニー・イン...	一般消費財	繊維
56	AIP	ArterisInc	資本財	Semiconductors
57	AIR	エーエーアール	資本財	航空宇宙・防衛
58	AIRS	AirSculptTechnolo...	Healthcare	Medical Care Facilities
59	AIT	アプライド・イン...	資本財	産業機械
60	AIV	アパートメント・...	不動産	住宅用不動産投資信託
61	AJRD	エアロジェット・...	資本財	航空宇宙・防衛
62	AKA	akaBrandsHoldingCorp	Consumer Cyclical	Internet Retail
63	AKR	アカディア・リア...	不動産	REIT-Retail
64	AKRO	AkeroTherapeuticsInc	ヘルスケア	その他
65	AKTS	AkoustisTechnolog...	情報技術	電子部品
66	AKYA	AkoyaBiosciencesInc	ヘルスケア	Medical Instruments & Supplies
67	ALCO	アリコ	生活必需品	農産物
68	ALE	アレッテ	公益事業	電力
69	ALEC	AlectorInc	ヘルスケア	バイオテクノロジー
70	ALEX	アレクサンダー&ボ...	不動産	REIT-Diversified
71	ALG	アラモ・グループ	資本財	農業機械
72	ALGT	アリージャント・...	資本財	旅客航空輸送業
73	ALHC	AlignmentHealthca...	ヘルスケア	Healthcare Plans
74	ALIT	アライト	その他	その他
75	ALKS	アルカームス	ヘルスケア	バイオテクノロジー
76	ALKT	AlkamiTechnologyInc	テクノロジー	Software-Application
77	ALLO	アロジーン・セラ...	ヘルスケア	バイオテクノロジー
78	ALPN	アルパイン・イミ...	ヘルスケア	バイオテクノロジー
79	ALRM	アラーム・ドット...	情報技術	アプリケーション・ソフトウェア
80	ALRS	アレラス・ファイ...	金融	地方銀行
81	ALTG	アルタ・イクイッ...	資本財	レンタル・リース
82	ALTO	アルト・イングレ...	エネルギー	石油・ガス精製・販売
83	ALTR	アルテアエンジニ...	情報技術	システム・ソフトウェア
84	ALVR	アロヴィア	ヘルスケア	バイオテクノロジー
85	ALX	アレキサンダーズ	不動産	REIT-Retail
86	ALXO	ALXオンコロジー・...	ヘルスケア	バイオテクノロジー
87	AMAL	アマルガメイテッ...	金融	アメリカ地域銀行
88	AMBA	アンバレラ	情報技術	半導体装置
89	AMBC	ＡＭＢＣフィナン...	金融	生命保険・健康保険
90	AMCX	AMCネットワークス...	一般消費財	その他メディア
91	AMEH	ApolloMedicalHold...	ヘルスケア	Medical Care Facilities
92	AMK	AssetmarkFinancia...	金融	Asset Management
93	AMKR	アムコー・テクノ...	情報技術	半導体
94	AMLX	AmylyxPharmaceuti...	Healthcare	バイオテクノロジー
95	AMN	エーエムエヌ・ヘ...	ヘルスケア	ヘルスケアサービス
96	AMNB	アメリカン・ナシ...	金融	アメリカ地域銀行
97	AMOT	アライド・モーシ...	情報技術	電子部品
98	AMPH	アンファスター･フ...	ヘルスケア	医薬品
99	AMPL	AmplitudeInc	Technology	Software-Application
100	AMPS	Altus Power Inc	公益事業	Utilities-Renewable
101	AMPY	アンプリファイ・...	エネルギー	石油・ガス探査・開発
102	AMR	アルファ・メタラ...	エネルギー	その他
103	AMRC	アメレスコ クラスA	資本財	建設・土木
104	AMRK	Aマーク・プレシャ...	金融	総合資本市場
105	AMRS	アミリス	素材	特殊化学品
106	AMRX	アムニール・ファ...	ヘルスケア	医薬品
107	AMSF	アメリセーフ	金融	動産保険・損害保険
108	AMSWA	アメリカン・ソフ...	情報技術	アプリケーション・ソフトウェア
109	AMTB	AmerantBancorpInc	金融	Banks-Regional
110	AMTX	アメティス	素材	特殊化学品
111	AMWD	アメリカン・ウッ...	一般消費財	家具・装飾
112	AMWL	アメリカン・ウェル	ヘルスケア	Health Information Services
113	ANAB	アナプティスバイオ	ヘルスケア	バイオテクノロジー
114	ANDE	アンダーソンズ	生活必需品	食品流通
115	ANF	アバクロンビーア...	一般消費財	衣料小売り
116	ANGO	アンジオダイナミクス	ヘルスケア	ヘルスケア用品
117	ANIK	アニカ・セラピュ...	ヘルスケア	バイオテクノロジー
118	ANIP	ＡＮＩ・ファーマ...	ヘルスケア	バイオテクノロジー
119	ANTX	アンセム	その他	その他
120	AOMR	AngelOakMortgageInc	不動産	REIT-Mortgage
121	AORT	クライオライフ	Healthcare	Medical Devices
122	AOSL	アルファ&オメ...	情報技術	半導体
123	APAM	アルチザン・パー...	金融	資産運用会社・資産管理銀行
124	APEI	アメリカン・パブ...	一般消費財	教育サービス
125	APG	APiグループ	資本財	Engineering & Construction
126	APLD	Applied Blockchai...	資本財	総合資本市場
127	APLE	アップル・ホスピ...	不動産	REIT-Hotel & Motel
128	APLS	アペリス・ファー...	ヘルスケア	バイオテクノロジー
129	APOG	アポジー・エンタ...	素材	建設資材
130	APPF	アップフォリオ　...	情報技術	アプリケーション・ソフトウェア
131	APPH	アップハーベスト	ディフェンシブ	Farm Products
132	APPN	アピアン	情報技術	システム・ソフトウェア
133	APPS	デジタル・タービン	情報技術	アプリケーション・ソフトウェア
134	ARCB	アークベスト	資本財	陸運
135	ARCH	アーチ・コール	エネルギー	Thermal Coal
136	ARCT	アークトゥルス・...	ヘルスケア	バイオテクノロジー
137	AREN	Arena Group Holdi...	電気通信	Internet Content & Information
138	ARGO	アルゴ・グループ...	金融	動産保険・損害保険
139	ARI	アポロ・コマーシ...	金融	REIT-Mortgage
140	ARIS	ArisWaterSolutionInc	公益事業	Utilities-Regulated Water
141	ARKO	アルコ	ディフェンシブ	Grocery Stores
142	ARL	アメリカン・リア...	不動産	Real Estate-Development
143	ARLO	アーロ・テクノロ...	情報技術	システム・ソフトウェア
144	ARNC	アルコニック	資本財	航空宇宙・防衛
145	AROC	アーチロック	エネルギー	石油・ガス装置・サービス
146	AROW	アロー・フィナン...	金融	アメリカ地域銀行
147	ARQT	ArcutisBiotherape...	ヘルスケア	バイオテクノロジー
148	ARR	アーマー・レジデ...	金融	REIT-Mortgage
149	ARRY	アレイ・バイオフ...	テクノロジー	太陽光関連
150	ARTNA	アルテシアン・リ...	公益事業	水道
151	ARVN	ArvinasInc	ヘルスケア	バイオテクノロジー
152	ARWR	アローヘッド･ファ...	ヘルスケア	バイオテクノロジー
153	ASAN	アサナ	情報技術	システム・ソフトウェア
154	ASB	アソシエーテッド...	金融	アメリカ地域銀行
155	ASC	アードモア・シッ...	エネルギー	石油・ガス貯蔵・輸送
156	ASGN	オン・アサインメント	資本財	人事・雇用サービス
157	ASIX	アドバンシックス	素材	総合化学
158	ASLE	モノクル・アクイ...	資本財	空港サービス
159	ASO	アカデミー・スポ...	一般消費財	その他
160	ASPN	アスペン・エアロ...	エネルギー	石油・ガス装置・サービス
161	ASTE	アステック・イン...	資本財	農業機械
162	ASTR	Astra Space, Inc	資本財	Aerospace & Defense
163	ATEC	アルファテック・...	ヘルスケア	ヘルスケア機器
164	ATEN	A10ネットワークス	情報技術	システム・ソフトウェア
165	ATER	アテリアン	テクノロジー	民生用電子機器
166	ATEX	アンテリックス	電気通信	Telecom Services
167	ATGE	ディブライ・エデ...	一般消費財	教育サービス
168	ATHA	アティラ・ファーマ	ヘルスケア	バイオテクノロジー
169	ATI	アリゲニー・テク...	素材	金属・ガラス容器
170	ATIP	ATIP	ヘルスケア	Medical Care Facilities
171	ATKR	アトコア・インタ...	資本財	その他製造業
172	ATLC	アトランティクス...	金融	Credit Services
173	ATNI	アトランティック...	電気通信	総合電気通信サービス
174	ATOM	アトメラ	情報技術	Semiconductor Equipment & Mate
175	ATRA	アタラ・バイオセ...	ヘルスケア	バイオテクノロジー
176	ATRC	アトリキュア	ヘルスケア	ヘルスケア用品
177	ATRI	アトリオン・コー...	ヘルスケア	ヘルスケア用品
178	ATRO	アストロニクス	資本財	航空宇宙・防衛
179	ATSG	エア・トランスポ...	資本財	空港サービス
180	AUB	アトランティック...	金融	Banks-Regional
181	AUPH	オーリニア・ファ...	ヘルスケア	バイオテクノロジー
182	AURA	AuraBiosciencesInc	Healthcare	Biotechnology
183	AVA	アビスタ	公益事業	総合公益事業
184	AVAH	AveannaHealthcare...	ヘルスケア	Medical Care Facilities
185	AVAV	エアロバイロメント	資本財	航空宇宙・防衛
186	AVD	アメリカン・バン...	素材	農業用資材
187	AVDX	AvidXchangeHoldin...	ヘルスケア	その他
188	AVID	アビッド・テクノ...	情報技術	アプリケーション・ソフトウェア
189	AVIR	アビラジェン・セ...	ヘルスケア	バイオテクノロジー
190	AVNS	アヴァノス・メデ...	ヘルスケア	ヘルスケア用品
191	AVNT	アビエント	素材	特殊化学品
192	AVNW	アビアット・ネッ...	情報技術	通信機器
193	AVO	ミッション・プロ...	ディフェンシブ	Farm Products
194	AVPT	エイペックス・テ...	テクノロジー	Software-Infrastructure
195	AVTA	Avantax Inc.	金融サービス	Asset Management
196	AVTE	エアロベイト・セ...	ヘルスケア	バイオテクノロジー
197	AVXL	アナベックス・ラ...	ヘルスケア	バイオテクノロジー
198	AWR	アメリカン・ステ...	公益事業	水道
199	AX	アクソス・フィナ...	金融	貯蓄・抵当・不動産金融
200	AXGN	アクソゲン	ヘルスケア	ヘルスケア機器
201	AXL	アメリカン・アク...	一般消費財	自動車部品・装置
202	AXNX	アクソニクス・モ...	ヘルスケア	ヘルスケア機器
203	AXSM	アクサム・セラピ...	ヘルスケア	バイオテクノロジー
204	AXTI	AXT	情報技術	Semiconductor Equipment & Mate
205	AZZ	エーゼットゼット	資本財	その他製造業
206	B	バーンズ･グループ	資本財	その他製造業
207	BALY	ツイン・リバー・...	一般消費財	カジノ・ゲーム
208	BANC	バンク・オブ・カ...	金融	アメリカ地域銀行
209	BAND	バンドウィズ　ク...	情報技術	システム・ソフトウェア
210	BANF	バンクファースト	金融	アメリカ地域銀行
211	BANR	バナー・コーポレ...	金融	アメリカ地域銀行
212	BARK	Bank of Akron	Consumer Cyclical	Specialty Retail
213	BASE	カウチベース	テクノロジー	Software-Infrastructure
214	BATL	Battalion Oil Corp	エネルギー	Oil & Gas E&P
215	BATRA	リバティメディア	電気通信	Entertainment
216	BATRK	リバティメディア	電気通信	Entertainment
217	BBCP	コンクリート・ポ...	資本財	Engineering & Construction
218	BBIG	エディソン・ネー...	景気連動型消費財	Leisure
219	BBIO	BridgebioPharmaInc	ヘルスケア	バイオテクノロジー
220	BBLN	Babylon Holdings Ltd	Healthcare	Health Information Services
221	BBSI	バレット・ビジネ...	資本財	人事・雇用サービス
222	BBUC	ブルックフィール...	金融サービス	Asset Management
223	BBW	ビルド・ア・ベア...	一般消費財	専門店
224	BCBP	ＢＣＢバンコープ	金融	アメリカ地域銀行
225	BCC	ボイジー・カスケ...	素材	林産品
226	BCML	BaycomCorp	金融	地方銀行
227	BCO	ブリンクス	資本財	セキュリティ・警報装置サービス
228	BCOV	ブライトコーブ	情報技術	アプリケーション・ソフトウェア
229	BCPC	バルケム	素材	特殊化学品
230	BCRX	バイオクリスト・...	ヘルスケア	バイオテクノロジー
231	BDC	ベルデン	情報技術	電子部品
232	BDN	ブランディワイン...	不動産	オフィス不動産投資信託
233	BE	ブルーム・エナジ...	公益事業	独立系発電事業者・エネルギー販売業者
234	BEAM	ビーム・セラピュ...	生活必需品	バイオテクノロジー
235	BECN	ビーコン・ルーフ...	素材	建設資材
236	BFC	BankFirstCorp	金融	地方銀行
237	BFH	ブレッド・フィナ...	金融サービス	Credit Services
238	BFLY	バタフライ・ネッ...	ヘルスケア	Medical Devices
239	BFS	ソウル・センターズ	不動産	REIT-Retail
240	BFST	BusinessFirstBanc...	金融	地方銀行
241	BGCP	BGCパートナーズ ...	金融	総合資本市場
242	BGFV	ビッグ５スポーテ...	一般消費財	専門店
243	BGRY	BGRY	資本財	Specialty Industrial Machinery
244	BGS	ビー・アンド・ジ...	生活必需品	包装食品・肉
245	BH	ビグラリ・ホール...	一般消費財	レストラン
246	BHB	バー・ハーバー・...	金融	アメリカ地域銀行
247	BHE	ベンチマーク・エ...	情報技術	委託製造業
248	BHG	ブライト・ヘルス...	ヘルスケア	Healthcare Plans
249	BHIL	Benson Hill Inc	基本素材	農業用資材
250	BHLB	バークシャイアヒ...	金融	アメリカ地域銀行
251	BHR	ブレイマー・ホテ...	不動産	REIT-Hotel & Motel
252	BHVN	バイオヘイブン・...	ヘルスケア	バイオテクノロジー
253	BIG	ビッグ・ロッツ	一般消費財	専門店
254	BIGC	ビッグコマース・...	情報技術	インターネットサービスおよびインフラストラクチャー
255	BIPC	ブルックフィール...	公益事業	ガス
256	BIRD	AllbirdsInc	Consumer Cyclical	Apparel Retail
257	BJRI	ビージェイズ・レ...	一般消費財	レストラン
258	BKD	ブルックデール・...	ヘルスケア	ヘルスケア施設
259	BKE	バックル	一般消費財	衣料小売り
260	BKH	ブラック・ヒルズ	公益事業	総合公益事業
261	BKKT	バックト・ホール...	テクノロジー	Software-Infrastructure
262	BKU	バンクユナイテッド	金融	アメリカ地域銀行
263	BL	ブラックライン	情報技術	システム・ソフトウェア
264	BLBD	ブルー・バード	一般消費財	自動車製造
265	BLDE	エクスペリエンス...	資本財	空港サービス
266	BLFS	バイオライフ・ソ...	ヘルスケア	ヘルスケア用品
267	BLFY	ブルー・ファウン...	金融サービス	Banks-Regional
268	BLKB	ブラックボー	情報技術	アプリケーション・ソフトウェア
269	BLMN	ブルーミン・ブランズ	一般消費財	レストラン
270	BLND	BlendLabsInc	テクノロジー	Software-Application
271	BLNK	ブリンク・チャー...	資本財	サービス業
272	BLUE	ブルーバード・バイオ	ヘルスケア	バイオテクノロジー
273	BLX	バンコ・ラティー...	金融	南アメリカ地域銀行
274	BMBL	BumbleInc	テクノロジー	Software-Application
275	BMI	バッジャー・メーター	情報技術	化学・技術的機械
276	BMRC	バンク・オブ・マ...	金融	アメリカ地域銀行
277	BNGO	バイオナノ・ジェ...	ヘルスケア	診断・研究
278	BNL	ブロードストーン...	不動産	REIT-Diversified
279	BOC	ボストン・オマハ	Communication Services	Advertising Agencies
280	BODY	Body Central Corp	一般消費財	その他
281	BOOM	DMCグローバル	素材	金属・ガラス容器
282	BOOT	ブート・バーン・...	一般消費財	衣料小売り
283	BORR	ボル・ドリリング	エネルギー	Oil & Gas Drilling
284	BOWL	Isos Acquisition ...	電気通信	Entertainment
285	BOX	ボックス クラスA	情報技術	システム・ソフトウェア
286	BPMC	ブループリント・...	ヘルスケア	バイオテクノロジー
287	BRBR	BellRingBrandsInc	生活必需品	Packaged Foods
288	BRBS	Blue Ridge Banksh...	金融	Banks-Regional
289	BRC	ブレイディー・コ...	資本財	セキュリティ・警報装置サービス
290	BRCC	BRC Inc.	Consumer Defensive	Packaged Foods
291	BRDS	バード・グローバル	資本財	レンタル・リース
292	BRKL	ブルックリン・バ...	金融	アメリカ地域銀行
293	BRP	BRPGroupInc	金融	保険ブローカー
294	BRSP	コロニー・クレジ...	不動産	REIT-Diversified
295	BRT	BRTアパートメンツ	不動産	住宅用不動産投資信託
296	BRY	BerryCorp	エネルギー	石油・ガス探査・開発
297	BSIG	ブライトスフィア...	金融	資産運用会社・資産管理銀行
298	BSRR	シエラ・バンコープ	金融	アメリカ地域銀行
299	BTAI	BioxcelTherapeuti...	ヘルスケア	バイオテクノロジー
300	BTU	ピーボディ・エナジー	エネルギー	Thermal Coal
301	BUSE	ファースト・ビュ...	金融	アメリカ地域銀行
302	BV	BrightViewHolding...	資本財	環境関連・ファシリティサービス
303	BVH	ブルーグリーン・...	一般消費財	その他
304	BVS	BioventusInc	その他	その他
305	BW	バブコック・アン...	資本財	Specialty Industrial Machinery
306	BWB	BridgewaterBancsh...	金融	貯蓄・抵当・不動産金融
307	BWFG	バンクウェル・フ...	金融	地方銀行
308	BXC	ブルーリンクス・...	素材	建設資材
309	BXMT	ブラック・ストー...	金融	REIT-Mortgage
310	BY	BylineBancorpInc	金融	地方銀行
311	BYND	ビヨンド・ミート	生活必需品	包装食品・肉
312	BZH	ビーザー・ホーム...	一般消費財	住宅建設
313	CAC	カムデン・ナショナル	金融	アメリカ地域銀行
314	CADE	ケイデンス・バン...	金融	地方銀行
315	CAKE	チーズケーキ・フ...	一般消費財	レストラン
316	CAL	キャリアズ	一般消費財	アパレル・アクセサリー・贅沢品
317	CALM	カルメイン・フーズ	生活必需品	包装食品・肉
318	CALX	カリス	情報技術	通信機器
319	CANO	カノ・ヘルス	ヘルスケア	Medical Care Facilities
320	CARA	カラ・セラピュー...	ヘルスケア	バイオテクノロジー
321	CARE	カーターバンク・...	金融	地方銀行
322	CARG	CargurusInc	電気通信	インタラクティブ・メディアおよびサービス
323	CARS	カーズ・コム	一般消費財	自動車小売り
324	CASA	カサ・システムズ	情報技術	通信機器
325	CASH	メタ・ファイナン...	その他	その他
326	CASS	キャス・インフォ...	資本財	サービス業
327	CATC	ケンブリッジ・バ...	金融	地方銀行
328	CATO	カト クラスA	一般消費財	衣料小売り
329	CATY	キャセイ・ゼネラ...	金融	アメリカ地域銀行
330	CBAN	コロニー・バンク...	金融	地方銀行
331	CBL	CBLアンド・アソシ...	不動産	店舗用不動産投資信託
332	CBNK	チコピー・バンコープ	金融	Banks-Regional
333	CBRL	クラッカー・バレ...	一般消費財	レストラン
334	CBT	キャボット	素材	特殊化学品
335	CBU	コミュニティー・...	金融	アメリカ地域銀行
336	CBZ	CBIZ	資本財	調査・コンサルティングサービス
337	CCB	CoastalFinancialC...	金融	地方銀行
338	CCBG	キャピタル・シテ...	金融	アメリカ地域銀行
339	CCCC	C4セラピューティクス	ヘルスケア	その他
340	CCF	チェース	資本財	その他製造業
341	CCNE	シーエヌビー・フ...	金融	アメリカ地域銀行
342	CCO	ClearChannelOutdo...	電気通信	広告
343	CCOI	コジェント・コミ...	電気通信	総合電気通信サービス
344	CCRN	クロス・カントリ...	ヘルスケア	Medical Care Facilities
345	CCS	センチュリー・コ...	一般消費財	住宅建設
346	CCSI	コンセンサス・ク...	テクノロジー	Software-Infrastructure
347	CDE	コー・マイニング	素材	金
348	CDLX	CardlyticsInc	電気通信	広告
349	CDMO	アビド・バイオサ...	ヘルスケア	バイオテクノロジー
350	CDNA	ケアDX	ヘルスケア	診断・研究
351	CDRE	CadreHoldingInc	資本財	航空宇宙・防衛
352	CDXS	コデクシス	ヘルスケア	バイオテクノロジー
353	CEIX	コンソル・エナジー	素材	石炭・消耗燃料
354	CELH	セルシウス・ホー...	生活必需品	清涼飲料
355	CELL	Brightpoint Inc	その他	その他
356	CELU	CELU	ヘルスケア	バイオテクノロジー
357	CENN	Cenntro Electric ...	Consumer Cyclical	Auto Manufacturers
358	CENT	セントラル・ガー...	生活必需品	Packaged Foods
359	CENTA	セントラル・ガー...	生活必需品	家庭用品
360	CENX	センチュリー・ア...	素材	アルミ
361	CERE	セレス	ヘルスケア	バイオテクノロジー
362	CERS	シーラス	ヘルスケア	バイオテクノロジー
363	CEVA	シーイーブイエー	情報技術	半導体
364	CFB	CrossFirstBanksha...	金融	Banks-Regional
365	CFFN	キャピトル・フェ...	金融	貯蓄・抵当・不動産金融
366	CGEM	CullinanManagemen...	その他	その他
367	CHCO	シティー・ホール...	金融	アメリカ地域銀行
368	CHCT	コミュニティ・ヘ...	不動産	REIT-Healthcare Facilities
369	CHEF	シェフズ・ワーハ...	生活必需品	食品流通
370	CHGG	チェッグ	一般消費財	教育サービス
371	CHRD	CHORDIANT SOFTWAR...	情報技術	その他
372	CHRS	コヘルス・バイオ...	ヘルスケア	バイオテクノロジー
373	CHS	チコズ・エフエーエス	一般消費財	衣料小売り
374	CHUY	チェイズ・ホール...	一般消費財	レストラン
375	CHX	チャンピオンX	エネルギー	石油・ガス装置・サービス
376	CIFR	グッド・ワークス...	金融サービス	総合資本市場
377	CIM	キメラ・インベス...	金融	REIT-Mortgage
378	CIO	シティ・オフィスREIT	不動産	オフィス不動産投資信託
379	CIR	サーコア・インタ...	資本財	その他製造業
380	CISO	CerberusCyberSent...	テクノロジー	Software-Infrastructure
381	CIVB	シビスタ・バンク...	金融	地方銀行
382	CIVI	シビタズ・ソリュ...	エネルギー	Oil & Gas E&P
383	CIX	CompX Internation...	資本財	セキュリティ・警報装置サービス
384	CLAR	クラルス・コーポ...	一般消費財	レジャー用品
385	CLBK	ColumbiaFinancialInc	金融	貯蓄・抵当・不動産金融
386	CLDT	チャタム・ロッジ...	不動産	REIT-Hotel & Motel
387	CLDX	セルデックス・セ...	ヘルスケア	バイオテクノロジー
388	CLFD	クリアフィールド	情報技術	通信機器
389	CLNE	クリーン・エナジ...	エネルギー	石油・ガス精製・販売
390	CLOV	クローバー・ヘル...	その他	その他
391	CLPR	クリッパー・リア...	不動産	REIT-Diversified
392	CLSK	クリーンスパーク	情報技術	Software-Application
393	CLW	クリアウォーター...	素材	紙製品
394	CMAX	CareMax, Inc	ヘルスケア	Health Information Services
395	CMBM	CambiumNetworksCorp	情報技術	その他
396	CMC	コマーシャル・メ...	素材	鉄鋼
397	CMCO	コロンブス・マッ...	資本財	農業機械
398	CMLS	キュムラス・メディア	電気通信	放送
399	CMP	コンパス・ミネラ...	素材	貴金属・鉱物
400	CMPO	コンポセキュア	資本財	Metal Fabrication
401	CMPR	シンプレス	資本財	Advertising Agencies
402	CMRE	コスタマーレ	資本財	Marine Shipping
403	CMRX	キメリックス	ヘルスケア	バイオテクノロジー
404	CMTG	ClarosMortgageTru...	Real Estate	REIT-Mortgage
405	CMTL	コムテック・テレ...	情報技術	通信機器
406	CNDT	コンデュエント	資本財	サービス業
407	CNK	シネマーク・ホー...	一般消費財	その他メディア
408	CNMD	コンメド	ヘルスケア	ヘルスケア機器
409	CNNE	CannaeHoldingsInc	金融	レストラン
410	CNO	シーエヌオー・フ...	金融	生命保険・健康保険
411	CNOB	センター・バンコープ	金融	アメリカ地域銀行
412	CNS	コーヘン・アンド...	金融	資産運用会社・資産管理銀行
413	CNSL	コンソリデーテッ...	電気通信	総合電気通信サービス
414	CNTY	センチュリー・カ...	一般消費財	カジノ・ゲーム
415	CNX	コンソル・エナジー	エネルギー	石油・ガス探査・開発
416	CNXN	ピーシー・コネク...	一般消費財	コンピュータ・電子機器小売り
417	COCO	VitaCocoCoInc/The	Consumer Defensive	Beverages-Non-Alcoholic
418	CODI	コンパス・ディバ...	金融	マルチセクター持株会社
419	COGT	コジント	ヘルスケア	バイオテクノロジー
420	COHU	コヒュー	情報技術	半導体装置
421	COKE	コカコーラ・ボト...	生活必需品	清涼飲料
422	COLL	コレギウム・ファ...	ヘルスケア	医薬品
423	COMM	コムスコープ・ホ...	情報技術	通信機器
424	COMP	CompassInc	テクノロジー	Software-Application
425	CONN	コンズ	一般消費財	専門店
426	COOK	TraegerInc	景気連動型消費財	Furnishings, Fixtures & Applia
427	COOP	ミスター・クーパ...	金融	貯蓄・抵当・不動産金融
428	CORT	コーセプト・セラ...	ヘルスケア	バイオテクノロジー
429	COUR	CourseraInc	ディフェンシブ	教育サービス
430	CPE	キャロン・ペトロ...	エネルギー	石油・ガス探査・開発
431	CPF	セントラル・パシ...	金融	アメリカ地域銀行
432	CPK	チェサピーク・ユ...	公益事業	ガス
433	CPRX	カタリスト・ファ...	ヘルスケア	医薬品
434	CPSI	コンピュータ・プ...	情報技術	アプリケーション・ソフトウェア
435	CPSS	コンシューマー・...	金融	消費者金融
436	CPTN	Cepton Inc	テクノロジー	Software-Application
437	CRAI	シーアールエー・...	資本財	サービス業
438	CRBU	CaribouBioscience...	ヘルスケア	バイオテクノロジー
439	CRC	カリフォルニア・...	エネルギー	Oil & Gas E&P
440	CRD-A	クロフォード・ア...	金融サービス	保険ブローカー
441	CRDO	CredoTechnologyGr...	Technology	Communication Equipment
442	CRGE	チャージ・エンタ...	テクノロジー	Information Technology Service
443	CRGY	クレセント・エナジー	エネルギー	Oil & Gas E&P
444	CRK	コムストック・リ...	エネルギー	石油・ガス探査・開発
445	CRMT	アメリカズ・カー...	一般消費財	自動車小売り
446	CRNC	CerenceInc	情報技術	システム・ソフトウェア
447	CRNX	クリネティック・...	ヘルスケア	バイオテクノロジー
448	CROX	クロックス	一般消費財	アパレル・アクセサリー・贅沢品
449	CRS	カーペンター・テ...	素材	金属・ガラス容器
450	CRSR	コンセア・ゲーミング	情報技術	テクノロジー ハードウェア・コンピュータ記憶装置・周辺機器
451	CRVL	コーベル	金融	保険ブローカー
452	CSGS	シーエスジー・シ...	情報技術	システム・ソフトウェア
453	CSR	インベスターズ・...	情報技術	その他
454	CSTE	シーザーストーン	資本財	Building Products & Equipment
455	CSTL	CastleBiosciencesInc	ヘルスケア	診断・研究
456	CSTM	コンステリウム	素材	アルミ
457	CSTR	キャプスター・フ...	金融	Banks-Regional
458	CSV	キャリエージ・サ...	生活必需品	パーソナル用品
459	CSWI	CSWインダストリア...	資本財	その他製造業
460	CTBI	コミュニティー・...	金融	アメリカ地域銀行
461	CTIC	シーティーアイ・...	ヘルスケア	バイオテクノロジー
462	CTKB	CytekBiosciencesInc	ヘルスケア	Medical Devices
463	CTLP	カンタロープ	テクノロジー	Information Technology Service
464	CTO	コンソリデーテッ...	不動産	不動産サービス
465	CTOS	カスタム・トラッ...	資本財	レンタル・リース
466	CTRE	ケアトラスト・リート	不動産	REIT-Healthcare Facilities
467	CTRN	シティ・トレンズ	一般消費財	衣料小売り
468	CTS	シーティーエス	情報技術	電子部品
469	CTV	Qwest Corp. NT 10...	その他	その他
470	CUBI	カスタマーズ・バ...	金融	アメリカ地域銀行
471	CURO	キュロ・グループ...	金融	消費者金融
472	CURV	トリッド・ホール...	景気連動型消費財	衣料小売り
473	CUTR	キュテラ	ヘルスケア	ヘルスケア機器
474	CVBF	シーブイビー・フ...	金融	アメリカ地域銀行
475	CVCO	カブコ・インダス...	一般消費財	住宅建設
476	CVGW	キャラボ・グロワーズ	生活必需品	包装食品・肉
477	CVI	シーブイアール・...	エネルギー	石油・ガス精製・販売
478	CVLG	コヴェナント・ロ...	資本財	陸運
479	CVLT	コムボールト・シ...	情報技術	アプリケーション・ソフトウェア
480	CVT	シーベント	情報技術	その他
481	CWEN	クリアウェイ・エ...	公益事業	電力
482	CWH	キャンピング・ワ...	一般消費財	レクリエーション　ビークル
483	CWK	クシュマン・ウェ...	不動産	不動産サービス
484	CWST	キャセラ・ウェイ...	資本財	環境関連・ファシリティサービス
485	CWT	カリフォルニア・...	公益事業	水道
486	CXW	コレクションズ・...	不動産	専門不動産投資信託
487	CYH	コミュニティー・...	ヘルスケア	ヘルスケアサービス
488	CYRX	クリオポート	素材	包装紙
489	CYTK	サイトカイネティ...	ヘルスケア	バイオテクノロジー
490	CYXT	CYXT	テクノロジー	Information Technology Service
491	CZNC	シチズンズ・アン...	金融	アメリカ地域銀行
492	DAN	デーナ	一般消費財	自動車部品・装置
493	DAWN	DayOneBiopharmace...	ヘルスケア	バイオテクノロジー
494	DBD	ディボールド・ニ...	情報技術	アプリケーション・ソフトウェア
495	DBI	デザイナー・ブランズ	一般消費財	衣料小売り
496	DBRG	デジタルブリッジ...	不動産	REIT-Diversified
497	DC	Dakota Gold Corp.	基本素材	金
498	DCGO	ドックゴー	Healthcare	Medical Care Facilities
499	DCO	デュコマン	資本財	航空宇宙・防衛
500	DCOM	ダイム・コミュニ...	金融	貯蓄・抵当・不動産金融
501	DCPH	デシフィラ・ファ...	ヘルスケア	バイオテクノロジー
502	DDD	３Ｄシステムズ	情報技術	テクノロジー ハードウェア・コンピュータ記憶装置・周辺機器
503	DDS	ディラーズ クラスA	一般消費財	百貨店
504	DEA	イースタリー・ガ...	不動産	オフィス不動産投資信託
505	DEN	デンベリー・リソ...	エネルギー	石油・ガス探査・開発
506	DENN	デニーズ	一般消費財	レストラン
507	DFH	DreamFindersHomesInc	景気連動型消費財	Residential Construction
508	DFIN	ドネリー・フィナ...	金融	総合資本市場
509	DGICA	ドネガル・グルー...	金融	動産保険・損害保険
510	DGII	ディジ・インター...	情報技術	通信機器
511	DHC	ダイバーシファイ...	不動産	REIT-Healthcare Facilities
512	DHIL	ダイアモンド・ヒ...	金融	資産運用会社・資産管理銀行
513	DHT	DHTホールディングス	エネルギー	石油・ガス貯蔵・輸送
514	DHX	DHIグループ	電気通信	インタラクティブ・メディアおよびサービス
515	DIBS	ファーストディブ...	景気連動型消費財	Internet Retail
516	DICE	DICETherapeuticsInc	ヘルスケア	バイオテクノロジー
517	DIN	ダインエクイティー	一般消費財	レストラン
518	DIOD	ダイオーズ	情報技術	半導体
519	DJCO	デイリー・ジャーナル	電気通信	出版
520	DK	デレク・ユーエス...	エネルギー	石油・ガス精製・販売
521	DLTH	ダルース・ホール...	一般消費財	衣料小売り
522	DLX	デラックス	資本財	サービス業
523	DM	ドミニオン・ミッ...	テクノロジー	Computer Hardware
524	DMRC	ディジマーク	情報技術	インターネットサービスおよびインフラストラクチャー
525	DNLI	デナリ・セラピュ...	ヘルスケア	バイオテクノロジー
526	DNMR	ダニマー・サイエ...	基本素材	特殊化学品
527	DNOW	ナウ	エネルギー	石油・ガス装置・サービス
528	DNUT	クリスピー・クリーム	ディフェンシブ	Grocery Stores
529	DO	ダイヤモンド・オ...	エネルギー	石油・ガス掘削
530	DOC	フィジシャンズ・...	不動産	REIT-Healthcare Facilities
531	DOCN	DigitaloceanHoldi...	テクノロジー	Software-Infrastructure
532	DOMA	DOMA	不動産	不動産サービス
533	DOMO	ドーモ　クラスB	情報技術	アプリケーション・ソフトウェア
534	DOOR	メイソナイト・イ...	資本財	建設関連製品
535	DORM	ドーマン・プロダクツ	一般消費財	自動車部品・装置
536	DOUG	DouglasEllimanInc	Real Estate	Real Estate Services
537	DRH	ダイヤモンドロッ...	不動産	REIT-Hotel & Motel
538	DRQ	ドリルクイップ	エネルギー	石油・ガス装置・サービス
539	DSEY	DiverseyHoldingsLtd	景気連動型消費財	Personal Services
540	DSGN	DesignTherapeutic...	ヘルスケア	バイオテクノロジー
541	DSGR	ディストリビュー...	資本財	商社・流通業
542	DSKE	ダースキー	資本財	陸運
543	DSP	ViantTechnologyInc	テクノロジー	Software-Application
544	DTC	SoloBrandsInc	Consumer Cyclical	Internet Retail
545	DUOL	DuolingoInc	テクノロジー	Software-Application
546	DVAX	ダイナバクス・テ...	ヘルスケア	バイオテクノロジー
547	DX	ダイネックス・キ...	金融	REIT-Mortgage
548	DXLG	デスティネーショ...	一般消費財	衣料小売り
549	DXPE	ディーエックスピ...	資本財	産業機械
550	DY	ダイコム･インダス...	資本財	建設・土木
551	DYN	ダイナジー	公益事業	バイオテクノロジー
552	DZSI	DASANゾーン・ソリ...	情報技術	通信機器
553	EAF	グラフテック・イ...	資本財	その他製造業
554	EAT	ブリンカー・イン...	一般消費財	レストラン
555	EB	イベントブライト ...	情報技術	アプリケーション・ソフトウェア
556	EBC	イースタン・バン...	金融	地方銀行
557	EBF	エニス	資本財	事務サービス・用品
558	EBIX	イービックス	情報技術	アプリケーション・ソフトウェア
559	EBS	エマージェント・...	ヘルスケア	バイオテクノロジー
560	EBTC	エンタープライズ...	金融	貯蓄・抵当・不動産金融
561	ECPG	アンコール・キャ...	金融	資産運用会社・資産管理銀行
562	ECVT	PQグループ・ホー...	基本素材	特殊化学品
563	EDIT	エディタス・メデ...	ヘルスケア	バイオテクノロジー
564	EE	エル・パソ・エレ...	公益事業	電力
565	EFC	エリントン・ファ...	金融	資産運用会社・資産管理銀行
566	EFSC	エンタープライズ...	金融	アメリカ地域銀行
567	EGAN	イーゲイン・コー...	情報技術	アプリケーション・ソフトウェア
568	EGBN	イーグル・バンコープ	金融	アメリカ地域銀行
569	EGHT	エイト・バイ・エイト	電気通信	総合電気通信サービス
570	EGIO	EGIO	Technology	Software-Infrastructure
571	EGLE	イーグル・バルク...	資本財	Marine Shipping
572	EGRX	イーグル・ファー...	ヘルスケア	医薬品
573	EGY	バールコ・エナジー	エネルギー	石油・ガス探査・開発
574	EHTH	ｅヘルス	金融	保険ブローカー
575	EIG	エンプロイヤーズ...	金融	生命保険・健康保険
576	EIGR	アイガー・バイオ...	ヘルスケア	バイオテクノロジー
577	ELF	Elfビューティー	生活必需品	家庭用品
578	ELME	Elme Communities	不動産	REIT-Office
579	EMBC	エンベクタ	ヘルスケア	Drug Manufacturers-Specialty &
580	EME	エムコア・グループ	資本財	建設・土木
581	ENFN	EnfusionInc	情報技術	その他
582	ENOB	エノキアン・バイ...	ヘルスケア	バイオテクノロジー
583	ENR	エナジャイザー・...	情報技術	電子部品
584	ENS	エナーシス	情報技術	電子部品
585	ENSG	エンサイン・グループ	ヘルスケア	ヘルスケア施設
586	ENTA	エナンタ・ファー...	ヘルスケア	バイオテクノロジー
587	ENV	エンベストネット	金融	総合資本市場
588	ENVA	エノバ・インター...	金融	消費者金融
589	ENVX	ENVX	資本財	Electrical Equipment & Parts
590	EOLS	EvolusInc	ヘルスケア	医薬品
591	EP	Empire Petroleum ...	エネルギー	Oil & Gas E&P
592	EPAC	エナパック・ツー...	資本財	Specialty Industrial Machinery
593	EPC	エッジウェル・パ...	生活必需品	家庭用品
594	EPRT	エッセンシャル・...	不動産	REIT-Diversified
595	EQBK	エクイティー・バ...	金融	Banks-Regional
596	EQC	エクイティ・コモ...	不動産	オフィス不動産投資信託
597	EQRX	EQRx Inc	Healthcare	バイオテクノロジー
598	ERAS	ErascaInc	電気通信	その他
599	ERII	エナジー・リカバリー	資本財	環境関連・ファシリティサービス
600	ESE	エスコ・テクノロ...	情報技術	化学・技術的機械
601	ESGR	エンスター・グループ	金融	総合保険
602	ESMT	EngageSmartLLC	その他	その他
603	ESNT	エッセント・グループ	金融	専門金融
604	ESPR	エスペリオン・セ...	ヘルスケア	バイオテクノロジー
605	ESQ	EsquireFinancialH...	金融	地方銀行
606	ESRT	エンパイア・ステ...	不動産	REIT-Diversified
607	ESTE	アースストーン・...	エネルギー	Oil & Gas E&P
608	ETD	イーサン・アレン...	景気連動型消費財	Furnishings, Fixtures & Applia
609	ETRN	EquitransMidstrea...	エネルギー	石油・ガス貯蔵・輸送
610	ETWO	Ｅ２オープン・ペ...	テクノロジー	Software-Infrastructure
611	EVBG	エバーブリッジ	情報技術	アプリケーション・ソフトウェア
612	EVC	エントラビジョン...	電気通信	放送
613	EVCM	EverCommerceInc	テクノロジー	Software-Infrastructure
614	EVER	エバー・クオート...	情報技術	インターネットサービスおよびインフラストラクチャー
615	EVGO	EVゴー	景気連動型消費財	Specialty Retail
616	EVH	エボレント・ヘル...	情報技術	アプリケーション・ソフトウェア
617	EVLV	エバイン・ライブ	一般消費財	その他
618	EVRI	エブリー・ホール...	一般消費財	カジノ・ゲーム
619	EVTC	エバーテック	情報技術	情報処理・外注サービス
620	EWCZ	EuropeanWaxCenterInc	ディフェンシブ	Household & Personal Products
621	EWTX	EdgewiseTherapeut...	情報技術	電子部品
622	EXLS	イーエックスエル...	資本財	サービス業
623	EXPI	eXpワールド・ホー...	不動産	不動産サービス
624	EXPO	エクスポーネント	資本財	サービス業
625	EXPR	エクスプレス	一般消費財	衣料小売り
626	EXTR	エクストリーム・...	情報技術	通信機器
627	EYE	ナショナル・ビジ...	一般消費財	専門店
628	EYPT	アイポイント・フ...	ヘルスケア	バイオテクノロジー
629	EZPW	イージーコープ ク...	金融	消費者金融
630	FA	FirstAdvantageCorp	資本財	Specialty Business Services
631	FARO	ファロ・テクノロ...	情報技術	化学・技術的機械
632	FATE	フェイト・セラピ...	ヘルスケア	バイオテクノロジー
633	FBIZ	ファーストビジネ...	金融	アメリカ地域銀行
634	FBK	ＦＢファイナンシャル	金融	アメリカ地域銀行
635	FBMS	ファースト・バン...	金融	地方銀行
636	FBNC	ファースト・バン...	金融	アメリカ地域銀行
637	FBP	ファースト・バン...	金融	地方銀行
638	FBRT	フランクリンBSPリ...	不動産	REIT-Mortgage
639	FC	フランクリン・コビー	一般消費財	教育サービス
640	FCBC	ファースト・コミ...	金融	アメリカ地域銀行
641	FCEL	フュエルセル・エ...	公益事業	独立系発電事業者・エネルギー販売業者
642	FCF	ファースト・コモ...	金融	アメリカ地域銀行
643	FCFS	ファースト・キャ...	金融	消費者金融
644	FCPT	フォー・コーナー...	不動産	専門不動産投資信託
645	FCUV	FocusUniversalInc	情報技術	化学・技術的機械
646	FDMT	4Dモレキュラー・...	ヘルスケア	バイオテクノロジー
647	FDP	フレッシュ・デル...	生活必需品	農産物
648	FEAM	5EAdvancedMateria...	Basic Materials	Specialty Chemicals
649	FELE	フランクリン・エ...	資本財	その他製造業
650	FF	フューチャーフュエル	素材	総合化学
651	FFBC	ファースト・フィ...	金融	アメリカ地域銀行
652	FFIC	フラッシング・フ...	金融	貯蓄・抵当・不動産金融
653	FFIE	FFIE	景気連動型消費財	Auto Manufacturers
654	FFIN	ファースト・フィ...	金融	アメリカ地域銀行
655	FFWM	ファースト・ファ...	金融	地方銀行
656	FGBI	ファースト・ギャ...	金融	地方銀行
657	FGEN	フィブロジェン	ヘルスケア	バイオテクノロジー
658	FHI	フェデレーテッド...	金融サービス	Asset Management
659	FHTX	フォグホーン・セ...	ヘルスケア	バイオテクノロジー
660	FIBK	ファースト・イン...	金融	アメリカ地域銀行
661	FIGS	FigsInc	景気連動型消費財	衣料品 製造
662	FISI	フィナンシャル・...	金融	Banks-Regional
663	FIX	コンフォート・シ...	資本財	建設・土木
664	FIZZ	ナショナル・ビバ...	生活必需品	清涼飲料
665	FL	フット・ロッカー	一般消費財	衣料小売り
666	FLGT	フルジェント・ジ...	ヘルスケア	診断・研究
667	FLIC	ファースト・オブ...	金融	アメリカ地域銀行
668	FLL	フル・ハウス・リ...	一般消費財	Resorts & Casinos
669	FLNC	FluenceEnergyInc	公益事業	Utilities-Renewable
670	FLNG	FLEXLNG	エネルギー	Oil & Gas Midstream
671	FLR	フルーア	資本財	建設・土木
672	FLWS	１－８００フラワ...	一般消費財	専門店
673	FLYW	FlywireCorp	テクノロジー	Information Technology Service
674	FMAO	ファーマーズ&...	金融	地方銀行
675	FMBH	ファースト・ミッ...	金融	地方銀行
676	FMNB	ファーマーズ・ナ...	金融	アメリカ地域銀行
677	FN	ファブリネット	情報技術	電子部品
678	FNA	Paragon28Inc	ヘルスケア	Medical Devices
679	FNKO	FunkoInc	一般消費財	販売
680	FNLC	ファースト・バン...	金融	アメリカ地域銀行
681	FOA	ファイナンス・オ...	金融サービス	Credit Services
682	FOCS	FocusFinancialPar...	金融	総合資本市場
683	FOLD	アミカス・セラピ...	ヘルスケア	バイオテクノロジー
684	FOR	フォレスター・グ...	不動産	不動産サービス
685	FORG	ForgeRockInc	情報技術	アプリケーション・ソフトウェア
686	FORM	フォームファクター	情報技術	半導体
687	FORR	フォレスター・リ...	資本財	サービス業
688	FOSL	フォッシル・グループ	一般消費財	アパレル・アクセサリー・贅沢品
689	FOXF	フォックス・ファ...	一般消費財	レクリエーション　ビークル
690	FPI	ファームランド・...	不動産	専門不動産投資信託
691	FRBA	ファースト・バン...	金融	地方銀行
692	FRBK	リパブリック・フ...	金融	Banks-Regional
693	FREE	フリーシーズ	ディフェンシブ	Packaged Foods
694	FRG	フランチャイズ・...	一般消費財	Specialty Retail
695	FRME	ファースト・マー...	金融	Banks-Regional
696	FRO	フロントライン	エネルギー	石油・ガス貯蔵・輸送
697	FRPH	FRPホールディングス	不動産	不動産サービス
698	FRST	プリミス・ファイ...	金融	地方銀行
699	FSBC	FiveStarBancorp	金融サービス	Banks-Regional
700	FSLY	FastlyInc	情報技術	Software-Application
701	FSP	Franklin Street P...	不動産	オフィス不動産投資信託
702	FSR	スパータン・エナ...	金融	Auto Manufacturers
703	FSS	フェデラル・シグナル	資本財	環境関連・ファシリティサービス
704	FTCI	FTCSolarInc	その他	その他
705	FTDR	フロントドア	一般消費財	専門消費者サービス
706	FUBO	フボTV	情報技術	システム・ソフトウェア
707	FUL	エイチ・ビー・フラー	素材	特殊化学品
708	FULC	FulcrumTherapeuti...	ヘルスケア	バイオテクノロジー
709	FULT	フルトン・フィナ...	金融	アメリカ地域銀行
710	FVCB	FVCバンクコープ	金融	地方銀行
711	FWRD	フォワード・エア...	資本財	陸運
712	FWRG	FirstWatchRestaur...	情報技術	アプリケーション・ソフトウェア
713	FXLV	F45TrainingHoldin...	景気連動型消費財	Leisure
714	GABC	ジャーマン・アメ...	金融	アメリカ地域銀行
715	GAMB	Gambling.comGroupLtd	景気連動型消費財	Gambling
716	GATX	ガテックス	資本財	レンタル・リース
717	GBCI	グレーシャー・バ...	金融	アメリカ地域銀行
718	GBIO	ジェネレーション...	ヘルスケア	バイオテクノロジー
719	GBX	グリーンブリアー...	資本財	鉄道
720	GCBC	グリーン・カウン...	金融	貯蓄・抵当・不動産金融
721	GCI	ガネット	電気通信	出版
722	GCMG	GCMグロブナー	金融サービス	Asset Management
723	GCO	ゼネスコ	一般消費財	衣料小売り
724	GDEN	ゴールデン・エン...	一般消費財	カジノ・ゲーム
725	GDOT	グリーン・ドット ...	金融	消費者金融
726	GDYN	GridDynamicsHoldi...	テクノロジー	Information Technology Service
727	GEF	グライフ クラスA	素材	包装紙
728	GEF-B	Greif Inc	景気連動型消費財	Packaging & Containers
729	GEO	ゲオ・グループ	不動産	REIT-Healthcare Facilities
730	GERN	ジェロン	ヘルスケア	バイオテクノロジー
731	GES	ゲス	一般消費財	衣料小売り
732	GEVO	ジーボ	素材	特殊化学品
733	GFF	グリフォン	素材	建設資材
734	GHC	グラハム・ホール...	一般消費財	教育サービス
735	GIC	グローバル・イン...	資本財	商社・流通業
736	GIII	Ｇ３アパレル・グ...	一般消費財	衣料品 製造
737	GKOS	グロコス	ヘルスケア	ヘルスケア用品
738	GLDD	グレート・レーク...	資本財	建設・土木
739	GLNG	ゴラールLNG	エネルギー	石油・ガス貯蔵・輸送
740	GLRE	グリーンライト・...	金融	再保険
741	GLT	グラットフェルター	素材	紙製品
742	GLUE	MonteRosaTherapeu...	その他	その他
743	GMRE	グローバル・メデ...	不動産	REIT-Healthcare Facilities
744	GMS	ジーエムエス	素材	建設資材
745	GNK	ジェンコ・シッピ...	資本財	Marine Shipping
746	GNL	グローバル・ネッ...	不動産	REIT-Diversified
747	GNTY	GuarantyBancshare...	金融	地方銀行
748	GNW	ジェンワース・フ...	金融	総合保険
749	GOEV	へネシー・キャピ...	景気連動型消費財	Auto Manufacturers
750	GOGL	ゴールデン・オー...	資本財	海運
751	GOGO	ゴーゴー	電気通信	総合電気通信サービス
752	GOLF	アクシネット・ホ...	一般消費財	レジャー用品
753	GOOD	グラッドストーン...	不動産	REIT-Diversified
754	GOSS	GossamerBioInc	ヘルスケア	バイオテクノロジー
755	GPI	グループ・ワン・...	一般消費財	自動車小売り
756	GPMT	グラナイト・ポイ...	金融	REIT-Mortgage
757	GPOR	ガルフポート・エ...	エネルギー	石油・ガス探査・開発
758	GPRE	グリーン・プレーンズ	素材	特殊化学品
759	GPRO	ゴープロ	一般消費財	民生用電子機器
760	GRBK	グリーンブリック...	一般消費財	住宅建設
761	GRC	ゴーマンラップ	資本財	その他製造業
762	GREE	GreenidgeGenerati...	金融サービス	総合資本市場
763	GRNA	Greenlight Biosci...	ヘルスケア	バイオテクノロジー
764	GRPN	グルーポン	情報技術	インターネットサービスおよびインフラストラクチャー
765	GRWG	GrowGenerationCorp	一般消費財	住宅関連用品小売り
766	GSAT	Globalstar Inc	電気通信	Telecom Services
767	GSBC	グレート・サザン...	金融	アメリカ地域銀行
768	GSHD	GooseheadInsuranc...	金融	保険ブローカー
769	GT	グッドイヤー・タ...	一般消費財	タイヤ・ゴム
770	GTLS	チャート・インダ...	素材	金属・ガラス容器
771	GTN	グレイ・テレビジョン	電気通信	放送
772	GTY	ゲッティリアルティ	不動産	REIT-Retail
773	GVA	グラニット・コン...	資本財	建設・土木
774	GWH	ESSテック	資本財	Electrical Equipment & Parts
775	GWRS	グローバル・ウォ...	公益事業	水道
776	HA	ハワイアン・ホー...	資本財	旅客航空輸送業
777	HAE	ヘモネティックス	ヘルスケア	ヘルスケア用品
778	HAFC	ハンミ・フィナン...	金融	アメリカ地域銀行
779	HAIN	ハイン・セレスチ...	生活必需品	包装食品・肉
780	HALO	ハロザイム・セラ...	ヘルスケア	バイオテクノロジー
781	HASI	ハノンアームスト...	不動産	工業用不動産投資信託
782	HAYN	ハインズ・インタ...	素材	金属・ガラス容器
783	HBCP	ホーム・バンコープ	金融	Banks-Regional
784	HBNC	ホライゾン・バン...	金融	アメリカ地域銀行
785	HBT	HBTFinancialInc	金融	Banks-Regional
786	HCAT	HealthCatalystInc	ヘルスケア	Health Information Services
787	HCC	ウォリアー・メッ...	素材	鉄鋼
788	HCCI	ヘリテージクリス...	資本財	環境関連・ファシリティサービス
789	HCI	エイチ・シー・ア...	金融	動産保険・損害保険
790	HCKT	ハケット・グループ	資本財	サービス業
791	HCSG	ヘルスケア・サー...	資本財	サービス業
792	HDSN	ハドソン・テクノ...	資本財	その他製造業
793	HEAR	タートル・ビーチ	情報技術	通信機器
794	HEES	エイチ・アンド・...	資本財	レンタル・リース
795	HELE	ヘレン・オブ・トロイ	生活必需品	家庭用品
796	HFFG	HFFoodsGroupInc	生活必需品	Food Distribution
797	HFWA	ヘリテージ・フィ...	金融	アメリカ地域銀行
798	HGV	ヒルトン・グラン...	一般消費財	カジノ・ゲーム
799	HI	ヒレンブランド	資本財	その他製造業
800	HIBB	ヒベット・スポーツ	一般消費財	専門店
801	HIFS	ヒンガム・インス...	金融	貯蓄・抵当・不動産金融
802	HIMS	ヒムズ＆ハーズ・...	ディフェンシブ	Household & Personal Products
803	HIPO	Hippo Holdings Inc	金融サービス	Insurance-Specialty
804	HL	ヘクラ・マイニング	素材	金
805	HLF	ハーバライフ・ニ...	生活必需品	パーソナル用品
806	HLGN	ヘリオゲン	公益事業	Utilities-Renewable
807	HLI	フーリハン・ローキー	金融	総合資本市場
808	HLIO	ヘリオス・テクノ...	資本財	Specialty Industrial Machinery
809	HLIT	ハーモニック	情報技術	通信機器
810	HLLY	ホーリー	景気連動型消費財	Auto Parts
811	HLMN	HLMN	資本財	Tools & Accessories
812	HLNE	ハミルトン・レーン	金融	Asset Management
813	HLTH	CueHealthInc	ヘルスケア	Health Information Services
814	HLVX	ヒレバックス	ヘルスケア	バイオテクノロジー
815	HLX	ヘリックス・エナ...	エネルギー	石油・ガス装置・サービス
816	HMN	ホレース・マン・...	金融	総合保険
817	HMPT	HomePointCapitalInc	金融サービス	Mortgage Finance
818	HMST	ホームストリート	金融	貯蓄・抵当・不動産金融
819	HNI	エイチエヌアイ	資本財	事務サービス・用品
820	HNST	オネスト	景気連動型消費財	Specialty Retail
821	HOMB	ホーム・バンクシ...	金融	アメリカ地域銀行
822	HONE	HarborOneBancorpInc	金融	地方銀行
823	HOPE	ホープ・バンコープ	金融	アメリカ地域銀行
824	HOUS	エニウェア・リア...	Real Estate	Real Estate Services
825	HOV	ホブナニアン・エ...	一般消費財	住宅建設
826	HP	ヘルマリック・ア...	エネルギー	石油・ガス掘削
827	HPK	ハイピーク・エナジー	エネルギー	Oil & Gas E&P
828	HQY	ヘルスエクイティー	情報技術	アプリケーション・ソフトウェア
829	HRI	ハーク・ホールデ...	資本財	レンタル・リース
830	HRMY	ハーモニー・バイ...	ヘルスケア	バイオテクノロジー
831	HRT	HireRightGISGroup...	その他	その他
832	HRTX	ヘロン・セラピュ...	ヘルスケア	医薬品
833	HSC	ハースコ	素材	貴金属・鉱物
834	HSII	ハイドリック・ア...	資本財	人事・雇用サービス
835	HSKA	ヘスカ	ヘルスケア	診断・研究
836	HSTM	ヘルスストリーム	情報技術	アプリケーション・ソフトウェア
837	HT	ハーシャ・ホスピ...	不動産	REIT-Hotel & Motel
838	HTBI	ホームトラスト・...	金融	アメリカ地域銀行
839	HTBK	ヘリテージ・コマース	金融	アメリカ地域銀行
840	HTH	ヒルトップ・ホー...	金融	アメリカ地域銀行
841	HTLD	ハートランド・エ...	資本財	陸運
842	HTLF	ハートランド・フ...	金融	アメリカ地域銀行
843	HUBG	ハブ・グループ ク...	資本財	陸運
844	HUMA	アルファ・ヘルス...	ヘルスケア	バイオテクノロジー
845	HURN	ヒューロン・コン...	資本財	サービス業
846	HVT	ハバティー・ファ...	一般消費財	住宅関連用品小売り
847	HWC	ハンコック・ホイ...	金融	アメリカ地域銀行
848	HWKN	ホーキンス	素材	特殊化学品
849	HY	ハイスター・イェ...	資本財	産業機械
850	HYFM	Hydrofarm Holding...	資本財	Farm & Heavy Construction Mach
851	HYLN	トータス・アクイ...	景気連動型消費財	Auto Parts
852	HYMC	マドリック・アク...	基本素材	金
853	HYZN	HYZN	景気連動型消費財	Auto Manufacturers
854	HZO	マリンマックス	一般消費財	専門店
855	IAS	IntegralAdScience...	電気通信	Advertising Agencies
856	IBCP	インディペンデン...	金融	地方銀行
857	IBEX	アイベックス・ホ...	情報技術	アプリケーション・ソフトウェア
858	IBOC	インターナショナ...	金融	アメリカ地域銀行
859	IBP	インストール・ビ...	素材	建設資材
860	IBRX	イミュニティバイオ	ヘルスケア	バイオテクノロジー
861	IBTX	インディペンデン...	金融	アメリカ地域銀行
862	ICFI	アイシーエフ・イ...	資本財	サービス業
863	ICHR	イコル・ホールデ...	情報技術	Semiconductor Equipment & Mate
864	ICPT	インターセプト・...	ヘルスケア	バイオテクノロジー
865	ICVX	IcosavaxInc	ヘルスケア	バイオテクノロジー
866	IDCC	インターデジタル	電気通信	総合電気通信サービス
867	IDT	アイディーティー ...	電気通信	総合電気通信サービス
868	IDYA	IDEAYAバイオサイ...	ヘルスケア	バイオテクノロジー
869	IE	IvanhoeElectricIn...	Basic Materials	Copper
870	IESC	IESホールディングス	資本財	建設・土木
871	IGMS	IGMBiosciencesInc	ヘルスケア	バイオテクノロジー
872	IGT	インターナショナ...	一般消費財	カジノ・ゲーム
873	IHRT	アイハートメディア	電気通信	放送
874	III	インフォメーショ...	情報技術	その他
875	IIIN	インスティール・...	素材	金属・ガラス容器
876	IIIV	i3バーティカルズ...	情報技術	システム・ソフトウェア
877	IIPR	イノベイティブ・...	不動産	工業用不動産投資信託
878	ILPT	IndustrialLogisti...	不動産	工業用不動産投資信託
879	IMAX	アイマックス	一般消費財	その他メディア
880	IMGN	イミュノジェン	ヘルスケア	バイオテクノロジー
881	IMKTA	イングルス・マー...	生活必需品	薬品小売り
882	IMVT	ヘルス・サイエン...	ヘルスケア	バイオテクノロジー
883	IMXI	InternationalMone...	情報技術	Information Technology Service
884	INBK	ファースト・イン...	金融	アメリカ地域銀行
885	INBX	インヒブラックス	ヘルスケア	バイオテクノロジー
886	INDB	インディペンデン...	金融	アメリカ地域銀行
887	INDI	インディー・セミ...	テクノロジー	Semiconductor Equipment & Mate
888	INDT	インダス・リアル...	不動産	工業用不動産投資信託
889	INFN	インフィネラ	情報技術	通信機器
890	INGN	イノジェン	ヘルスケア	ヘルスケア機器
891	INN	サミット・ホテル...	不動産	REIT-Hotel & Motel
892	INNV	InnovageHoldingCorp	その他	その他
893	INO	イノヴィオ・ファ...	ヘルスケア	バイオテクノロジー
894	INSE	インスパイアード...	一般消費財	カジノ・ゲーム
895	INSG	インシーゴー	情報技術	通信機器
896	INSM	インスメッド	ヘルスケア	バイオテクノロジー
897	INSP	インスパイア・メ...	その他	その他
898	INST	InstructureHoldin...	テクノロジー	Software-Application
899	INSW	インターナショナ...	エネルギー	Marine Shipping
900	INT	ワールド・フュエ...	エネルギー	石油・ガス精製・販売
901	INTA	IntappInc	テクノロジー	Software-Application
902	INVA	イノヴィヴァ	ヘルスケア	バイオテクノロジー
903	INVE	アイデンティブ	情報技術	テクノロジー ハードウェア・コンピュータ記憶装置・周辺機器
904	IONQ	イオンキュー	テクノロジー	Computer Hardware
905	IOSP	イノスペック	素材	特殊化学品
906	IOVA	イノヴァンス・バ...	ヘルスケア	バイオテクノロジー
907	IPAR	インター・パフュ...	生活必需品	家庭用品
908	IPI	イントレピッド・カリ	素材	農業用資材
909	IPSC	IPSCOTubularsInc	エネルギー	その他
910	IRBT	アイロボット	一般消費財	民生用電子機器
911	IRDM	イリジウム・コミ...	電気通信	総合電気通信サービス
912	IRMD	アイラディメッド	ヘルスケア	ヘルスケア機器
913	IRNT	LGLシステムズ・ア...	テクノロジー	Software-Infrastructure
914	IRT	インディペンデン...	不動産	住宅用不動産投資信託
915	IRTC	アイリズム・テク...	ヘルスケア	ヘルスケア用品
916	IRWD	アイロンウッド・...	ヘルスケア	医薬品
917	ISEE	オフソテック	ヘルスケア	バイオテクノロジー
918	ISPO	Inspirato Inc	景気連動型消費財	Leisure
919	ITCI	イントラセルラー...	ヘルスケア	バイオテクノロジー
920	ITGR	インテジャー・ホ...	ヘルスケア	ヘルスケア機器
921	ITIC	インベスターズ・...	金融	生命保険・健康保険
922	ITOS	アイテオス・セラ...	ヘルスケア	バイオテクノロジー
923	ITRI	アイトロン	情報技術	化学・技術的機械
924	IVR	インベスコ・モー...	金融	REIT-Mortgage
925	IVT	インベントラスト...	不動産	REIT-Retail
926	IVVD	アダージョー・セ...	Healthcare	Biotechnology
927	JACK	ジャック・イン・...	一般消費財	レストラン
928	JANX	ジャナックス・セ...	ヘルスケア	バイオテクノロジー
929	JBI	ジェナス・インタ...	資本財	Building Products & Equipment
930	JBSS	ジョンＢ・サンフ...	生活必需品	包装食品・肉
931	JBT	ジョン・ビーン・...	資本財	その他製造業
932	JELD	ジェルド・ウェン...	資本財	建設関連製品
933	JJSF	ジェイ・アンド・...	生活必需品	包装食品・肉
934	JMSB	ジョン・マーシャ...	金融	Banks-Regional
935	JOAN	JOANNInc	景気連動型消費財	Specialty Retail
936	JOBY	リインベント・テ...	資本財	空港サービス
937	JOE	セント・ジョー	不動産	不動産サービス
938	JOUT	ジョンソン・アウ...	一般消費財	レジャー用品
939	JRVR	ジェームズ・リバ...	金融	動産保険・損害保険
940	JXN	JACKSON FINANCIAL...	金融サービス	Insurance-Life
941	JYNT	ジョイント	ヘルスケア	ヘルスケア施設
942	KAI	カダント	資本財	その他製造業
943	KALU	カイザー・アルミナム	素材	アルミ
944	KALV	カルビスタ・ファ...	ヘルスケア	バイオテクノロジー
945	KAMN	ケイマン・コーポ...	資本財	航空宇宙・防衛
946	KAR	ケーエーアール・...	一般消費財	専門店
947	KBH	ケービー・ホーム	一般消費財	住宅建設
948	KDNY	アデュロ・バイオ...	ヘルスケア	バイオテクノロジー
949	KE	キンボール・エレ...	情報技術	電子部品
950	KELYA	ケリー・サービシ...	資本財	人事・雇用サービス
951	KFRC	Ｋフォース	資本財	人事・雇用サービス
952	KFY	コーン・フェリー...	資本財	人事・雇用サービス
953	KIDS	OrthoPediatricsCorp	ヘルスケア	ヘルスケア用品
954	KLIC	キューリッキ・ア...	情報技術	半導体装置
955	KLR	KaleyraInc	情報技術	Software-Application
956	KMT	ケナメタル	資本財	産業機械
957	KN	ノールズ	情報技術	通信機器
958	KNSA	キニクサ・ファー...	ヘルスケア	バイオテクノロジー
959	KNSL	キンセール・キャ...	金融	動産保険・損害保険
960	KNTE	キンネート・バイ...	ヘルスケア	バイオテクノロジー
961	KNTK	キネティック・ホ...	エネルギー	Oil & Gas Midstream
962	KOD	KodiakSciencesInc	ヘルスケア	バイオテクノロジー
963	KODK	イーストマン・コ...	一般消費財	民生用電子機器
964	KOP	コパーズ・ホール...	素材	特殊化学品
965	KORE	コア・グループ・...	金融サービス	Telecom Services
966	KOS	コスモス・エナジー	エネルギー	石油・ガス探査・開発
967	KPTI	カリヨファーム・...	ヘルスケア	医薬品
968	KREF	KKRリアル・エステ...	金融	REIT-Mortgage
969	KRG	カイト・リアルテ...	不動産	REIT-Retail
970	KRNY	カーニー・フィナ...	金融	貯蓄・抵当・不動産金融
971	KRO	クロノス・ワール...	素材	特殊化学品
972	KRON	クロノス・バイオ	ヘルスケア	その他
973	KROS	ケロス・セラピュ...	ヘルスケア	バイオテクノロジー
974	KRT	KaratPackagingInc	その他	その他
975	KRTX	KarunaTherapeutic...	ヘルスケア	バイオテクノロジー
976	KRUS	KuraSushiUSAInc	一般消費財	レストラン
977	KRYS	KrystalBiotechInc	ヘルスケア	バイオテクノロジー
978	KTB	KontoorBrandsInc	一般消費財	衣料品 製造
979	KTOS	クレイトス・ディ...	資本財	セキュリティ・警報装置サービス
980	KURA	クラ・オンコロジー	ヘルスケア	バイオテクノロジー
981	KW	ケネディ・ウィル...	不動産	不動産サービス
982	KWR	クエーカー・ケミカル	素材	特殊化学品
983	KYMR	キメラ・セラピュ...	ヘルスケア	バイオテクノロジー
984	KZR	ケザー・ライフ・...	ヘルスケア	バイオテクノロジー
985	LADR	ラダー・キャピタル	金融	REIT-Mortgage
986	LANC	ランカスター・コ...	生活必需品	包装食品・肉
987	LAND	グラッドストーン...	不動産	専門不動産投資信託
988	LASR	エンライト	情報技術	半導体
989	LAUR	ローリエット・エ...	一般消費財	教育サービス
990	LAW	CSDiscoInc	テクノロジー	Software-Application
991	LAZR	ルミナー・テクノ...	テクノロジー	Auto Parts
992	LBAI	レイクランド・バ...	金融	アメリカ地域銀行
993	LBC	ルーサー・バーバンク	金融	アメリカ地域銀行
994	LBRT	LibertyOilfieldSe...	エネルギー	石油・ガス装置・サービス
995	LC	レンディング・クラブ	金融	消費者金融
996	LCII	LCIインダストリーズ	一般消費財	レクリエーション　ビークル
997	LCUT	ライフタイム・ブ...	一般消費財	家具・装飾
998	LE	ランズエンド	一般消費財	専門店
999	LEGH	LegacyHousingCorp	一般消費財	住宅建設
1000	LEU	セントラス・エナジー	エネルギー	Uranium
1001	LFCR	LFCR	Healthcare	Drug Manufacturers-Specialty &
1002	LFST	ライフスタンス・...	ヘルスケア	Medical Care Facilities
1003	LGF-A	ライオンズ・ゲー...	電気通信	Entertainment
1004	LGF-B	ライオンズ・ゲー...	電気通信	Entertainment
1005	LGIH	ＬＧＩホームズ	一般消費財	住宅建設
1006	LGND	リガンド・ファー...	ヘルスケア	バイオテクノロジー
1007	LICY	リ・サイクル・ホ...	資本財	Waste Management
1008	LIDR	エーアイ	景気連動型消費財	Auto Parts
1009	LILA	Liberty Latin Ame...	電気通信	Telecom Services
1010	LILAK	リバティ・ラテン...	電気通信	ケーブル・衛星テレビ
1011	LIND	リンドブラッド・...	一般消費財	レジャー用品
1012	LIVN	リワノワ	ヘルスケア	ヘルスケア機器
1013	LKFN	レイクランド・フ...	金融	アメリカ地域銀行
1014	LL	ランバー・リクイ...	一般消費財	住宅関連用品小売り
1015	LLAP	Terran Orbital Corp	資本財	航空宇宙・防衛
1016	LMAT	ルメイトレ・バス...	ヘルスケア	ヘルスケア用品
1017	LMND	レモネード	金融	動産保険・損害保険
1018	LNN	リンゼー	資本財	農業機械
1019	LNTH	ランセウス・ホー...	ヘルスケア	診断・研究
1020	LNW	ライト＆ワンダー	景気連動型消費財	Gambling
1021	LOB	ライブ・オーク・...	金融	地方銀行
1022	LOCL	Local Bounti Corp...	ディフェンシブ	Farm Products
1023	LOCO	エル・ポヨ・ロコ	一般消費財	レストラン
1024	LOVE	LovesacCo/The	一般消費財	家具・装飾
1025	LPG	ドリアンLPG	エネルギー	Oil & Gas Midstream
1026	LPRO	オープン・レンデ...	金融	Credit Services
1027	LPSN	ライブパーソン	情報技術	システム・ソフトウェア
1028	LQDA	リキディア・テク...	その他	その他
1029	LQDT	リクイディティ・...	一般消費財	専門店
1030	LRN	Ｋ１２	一般消費財	教育サービス
1031	LSEA	ランドシー・ホームズ	不動産	Real Estate-Development
1032	LTC	LTCプロパティーズ	不動産	REIT-Healthcare Facilities
1033	LTCH	ラッチ	テクノロジー	Software-Application
1034	LTH	LifeTimeGroupHold...	景気連動型消費財	Leisure
1035	LTHM	ライベント	素材	貴金属・鉱物
1036	LUNG	プルモンクス	ヘルスケア	その他
1037	LVLU	Lulu'sFashion...	Consumer Cyclical	Apparel Retail
1038	LVOX	クレセント・アク...	テクノロジー	Software-Infrastructure
1039	LWLG	ライトウェイブ・...	素材	特殊化学品
1040	LXFR	ラックスファー・...	資本財	Specialty Industrial Machinery
1041	LXP	LXPインダストリア...	不動産	REIT-Industrial
1042	LXRX	レキシコン・ファ...	ヘルスケア	バイオテクノロジー
1043	LXU	エルエスビー・イ...	素材	総合化学
1044	LYEL	LyellImmunopharmaInc	ヘルスケア	バイオテクノロジー
1045	LZ	Legalzoom.comInc	電気通信	Specialty Business Services
1046	LZB	レイジーボーイ	一般消費財	家具・装飾
1047	MAC	マセリッチ	不動産	REIT-Retail
1048	MAPS	WMテクノロジー	その他	その他
1049	MARA	マラソン・パテン...	情報技術	総合資本市場
1050	MASS	908デバイセズ	ヘルスケア	Medical Devices
1051	MATV	マーティブ	素材	紙製品
1052	MATW	マシューズ・イン...	生活必需品	パーソナル用品
1053	MATX	マットソン	資本財	海運
1054	MAX	メディアアルファ	電気通信	Internet Content & Information
1055	MBI	エムビーアイエー	金融	動産保険・損害保険
1056	MBIN	MerchantsBancorp/IN	金融	貯蓄・抵当・不動産金融
1057	MBUU	マリブ・ボート ク...	一般消費財	レクリエーション　ビークル
1058	MBWM	マーカンタイル・...	金融	アメリカ地域銀行
1059	MC	モーリス	金融	資産運用会社・資産管理銀行
1060	MCB	MetropolitanBankH...	金融	その他
1061	MCBC	マカタワ・バンク	金融	地方銀行
1062	MCBS	MetrocityBankshar...	金融	Banks-Regional
1063	MCFT	MCBCホールディングス	一般消費財	レクリエーション　ビークル
1064	MCRB	セレス・セラピュ...	ヘルスケア	バイオテクノロジー
1065	MCRI	モナーク・カジノ...	一般消費財	カジノ・ゲーム
1066	MCS	マーカス・コーポ...	一般消費財	その他メディア
1067	MCY	マーキュリー・ゼ...	金融	動産保険・損害保険
1068	MD	メドナックス	ヘルスケア	ヘルスケアサービス
1069	MDC	エムディーシー・...	一般消費財	住宅建設
1070	MDGL	マドリガル・ファ...	ヘルスケア	バイオテクノロジー
1071	MDRX	オールスクリプツ...	情報技術	アプリケーション・ソフトウェア
1072	MDXG	ミメディックス・...	ヘルスケア	バイオテクノロジー
1073	ME	23andMeHoldingCo	電気通信	Diagnostics & Research
1074	MED	メディファスト	一般消費財	専門店
1075	MEDP	メッドペース・ホ...	ヘルスケア	診断・研究
1076	MEG	メディア・ジェネラル	一般消費財	Waste Management
1077	MEI	メソッド・エレク...	情報技術	電子部品
1078	METC	ラマコ・リソーシズ	素材	鉄鋼
1079	MFA	MFAファイナンシャル	金融	REIT-Mortgage
1080	MGEE	エムジーイー・エ...	公益事業	総合公益事業
1081	MGNI	マグナイト	一般消費財	インターネット販売・通信販売
1082	MGNX	マクロジェニックス	ヘルスケア	バイオテクノロジー
1083	MGPI	MGPイングリディエ...	生活必需品	蒸留酒・ワイン
1084	MGRC	マグラス・レント...	資本財	レンタル・リース
1085	MGTX	メイラGTxホールデ...	ヘルスケア	バイオテクノロジー
1086	MGY	MagnoliaOil&G...	エネルギー	石油・ガス探査・開発
1087	MHO	エムアイ・ホームズ	一般消費財	住宅建設
1088	MIR	ミリオン・テクノ...	資本財	Specialty Industrial Machinery
1089	MIRM	MirumPharmaceutic...	ヘルスケア	バイオテクノロジー
1090	MITK	マイテック・シス...	情報技術	アプリケーション・ソフトウェア
1091	MKFG	MKFG	テクノロジー	Computer Hardware
1092	MKTW	MarketWiseInc	テクノロジー	Software-Application
1093	ML	マネーライオン	テクノロジー	Software-Application
1094	MLAB	メサ・ラボラトリーズ	情報技術	化学・技術的機械
1095	MLI	ミューラー・イン...	素材	金属・ガラス容器
1096	MLKN	ハーマンミラー	Consumer Cyclical	Furnishings, Fixtures & Applia
1097	MLNK	MeridianLinkInc	テクノロジー	Software-Application
1098	MLR	ミラー・インダス...	一般消費財	自動車部品・装置
1099	MLYS	MineralysTherapeu...	Healthcare	Biotechnology
1100	MMI	マーカス・アンド...	不動産	不動産サービス
1101	MMS	マキシマス	資本財	サービス業
1102	MMSI	メリット・メディ...	ヘルスケア	ヘルスケア用品
1103	MNKD	マンカインド	ヘルスケア	バイオテクノロジー
1104	MNRO	モンロ・マフラー...	一般消費財	自動車部品・装置
1105	MNTK	MontaukRenewablesInc	公益事業	Utilities-Diversified
1106	MNTS	モメンタス	資本財	航空宇宙・防衛
1107	MOD	モーディン・マニ...	一般消費財	自動車部品・装置
1108	MODG	キャラウェイ・ゴルフ	一般消費財	Leisure
1109	MODN	モデルN	情報技術	アプリケーション・ソフトウェア
1110	MODV	モディブケア	ヘルスケア	Medical Care Facilities
1111	MOFG	ミッドウェストワ...	金融	アメリカ地域銀行
1112	MOG-A	ムーグ	資本財	航空宇宙・防衛
1113	MORF	MorphicHoldingInc	ヘルスケア	その他
1114	MOV	モバド・グループ	一般消費財	アパレル・アクセサリー・贅沢品
1115	MPAA	モーターカー・パ...	一般消費財	自動車部品・装置
1116	MPB	ミッド・ペン・バ...	金融	地方銀行
1117	MPLN	チャーチル・キャ...	ヘルスケア	Healthcare Plans
1118	MPX	マリーン・プロダクツ	一般消費財	レクリエーション　ビークル
1119	MQ	マルケタ	テクノロジー	Software-Infrastructure
1120	MRC	エムアールシー・...	エネルギー	石油・ガス装置・サービス
1121	MRSN	メルサナ・セラピ...	ヘルスケア	バイオテクノロジー
1122	MRTN	マーテン・トラン...	資本財	陸運
1123	MSBI	ミッドランド・ス...	金融	アメリカ地域銀行
1124	MSEX	ミドルセックス・...	公益事業	水道
1125	MSGE	マディソン・スク...	電気通信	Entertainment
1126	MSTR	マイクロストラテ...	情報技術	アプリケーション・ソフトウェア
1127	MTDR	マタドール・リソ...	エネルギー	石油・ガス探査・開発
1128	MTH	メリテージ・ホームズ	一般消費財	住宅建設
1129	MTRN	マテリオン	素材	貴金属・鉱物
1130	MTSI	エムエー・コム・...	情報技術	半導体
1131	MTTR	MTTR	テクノロジー	Software-Application
1132	MTW	マニトウォック・...	資本財	農業機械
1133	MTX	ミネラルズ・テク...	素材	総合化学
1134	MULN	ネット・エレメント	Consumer Cyclical	Auto Manufacturers
1135	MUR	マーフィー・オイル	エネルギー	石油・ガス探査・開発
1136	MUSA	マーフィーＵＳＡ	一般消費財	専門店
1137	MVBF	MVBフィナンシャル	金融	地方銀行
1138	MVIS	マイクロビジョン	情報技術	電子部品
1139	MVST	MVST	資本財	Electrical Equipment & Parts
1140	MWA	ミューラー・ウォ...	資本財	その他製造業
1141	MXCT	MAXCYTE, INC.	その他	その他
1142	MXL	マックスリニア ク...	情報技術	半導体
1143	MYE	マイヤーズ・イン...	一般消費財	ゴム・プラスチック
1144	MYFW	FirstWesternFinan...	金融	地方銀行
1145	MYGN	ミリアド・ジェネ...	ヘルスケア	診断・研究
1146	MYPS	プレイスタジオズ	電気通信	Electronic Gaming & Multimedia
1147	MYRG	エムワイアール・...	資本財	建設・土木
1148	NABL	エヌ・エイブル	テクノロジー	Information Technology Service
1149	NAPA	DuckhornPortfolio...	ディフェンシブ	Beverages-Wineries & Distiller
1150	NARI	イナリ・メディカル	ヘルスケア	ヘルスケア機器
1151	NAT	ノルディック・ア...	エネルギー	石油・ガス貯蔵・輸送
1152	NATR	ネイチャーズ・サ...	生活必需品	家庭用品
1153	NAUT	Nautilus Biotechn...	ヘルスケア	バイオテクノロジー
1154	NAVI	ナビエント・コー...	金融	消費者金融
1155	NBHC	ナショナルバンク...	金融	アメリカ地域銀行
1156	NBN	NortheastBank	金融	地方銀行
1157	NBR	ネイバーズ・イン...	エネルギー	石油・ガス掘削
1158	NBTB	エヌビーティー・...	金融	アメリカ地域銀行
1159	NC	ナッコ・インダス...	素材	石炭・消耗燃料
1160	NDLS	ヌードルズ	一般消費財	レストラン
1161	NE	ノーブル	エネルギー	石油・ガス掘削
1162	NEO	ネオゲノミクス	ヘルスケア	診断・研究
1163	NEOG	ネオゲン	ヘルスケア	診断・研究
1164	NETI	エネティ	資本財	Marine Shipping
1165	NEX	ネクスティア・オ...	エネルギー	Oil & Gas Equipment & Services
1166	NEXT	ネクストデケード	エネルギー	その他
1167	NFBK	ノースフィールド...	金融	アメリカ地域銀行
1168	NG	ノバゴールド・リ...	素材	金
1169	NGM	NGMBiopharmaceuti...	ヘルスケア	バイオテクノロジー
1170	NGMS	ネオゲームス	一般消費財	カジノ・ゲーム
1171	NGVC	ナチュラル・グロ...	生活必需品	薬品小売り
1172	NGVT	インジェビティ	素材	特殊化学品
1173	NHC	ナショナル・ヘル...	ヘルスケア	ヘルスケア施設
1174	NHI	ナショナル・ヘル...	不動産	REIT-Healthcare Facilities
1175	NIC	ニコレット・バン...	金融サービス	Banks-Regional
1176	NJR	ニュージャージー...	公益事業	ガス
1177	NKLA	ニコラ	景気連動型消費財	Auto Manufacturers
1178	NKTR	ネクター・セラピ...	ヘルスケア	医薬品
1179	NKTX	ンカルタ	ヘルスケア	バイオテクノロジー
1180	NL	エヌエル・インダ...	資本財	産業機械
1181	NMIH	NMIホールディングス	金融	貯蓄・抵当・不動産金融
1182	NMRK	ニューマーク・グ...	不動産	不動産サービス
1183	NN	ネクストナブ	電気通信	Internet Content & Information
1184	NNI	ネルネット クラスA	金融	消費者金融
1185	NNOX	ナノックス・イメ...	ヘルスケア	ヘルスケア機器
1186	NODK	NIHoldingsInc	金融	動産保険・損害保険
1187	NOG	ノーザン・オイル...	エネルギー	石油・ガス探査・開発
1188	NOTV	イノティブ	ヘルスケア	診断・研究
1189	NOVA	SunnovaEnergyInte...	公益事業	太陽光関連
1190	NOVT	ノヴァンタ	情報技術	化学・技術的機械
1191	NPK	ナショナル・プレ...	資本財	航空宇宙・防衛
1192	NPO	エンプロ・インダ...	資本財	その他製造業
1193	NR	ニューパーク・リ...	エネルギー	石油・ガス装置・サービス
1194	NRC	ナショナル・リサーチ	ヘルスケア	診断・研究
1195	NRDS	NerdWalletInc	金融サービス	Credit Services
1196	NRDY	ナーディ	テクノロジー	Software-Application
1197	NREF	NexpointRealEstat...	不動産	REIT-Mortgage
1198	NRGV	Energy Vault Hold...	資本財	Utilities-Renewable
1199	NRIX	ニューリックス・...	ヘルスケア	バイオテクノロジー
1200	NSIT	インサイト・エン...	情報技術	インターネットサービスおよびインフラストラクチャー
1201	NSP	インスペリティ	資本財	人事・雇用サービス
1202	NSSC	ナプコ・セキュリ...	資本財	セキュリティ・警報装置サービス
1203	NSTG	ナノストリング・...	ヘルスケア	バイオテクノロジー
1204	NTB	バンク・オブ・エ...	金融	都市銀行
1205	NTCT	ネットスカウト・...	情報技術	アプリケーション・ソフトウェア
1206	NTGR	ネットギア	情報技術	通信機器
1207	NTLA	インテリア・セラ...	ヘルスケア	バイオテクノロジー
1208	NTST	ネットストリート	不動産	REIT-Retail
1209	NUS	ニュースキン・エ...	生活必需品	家庭用品
1210	NUTX	ヌーテックス・ヘルス	ヘルスケア	Health Information Services
1211	NUVA	ニューベイシブ	ヘルスケア	ヘルスケア機器
1212	NUVB	ニューベーション...	ヘルスケア	バイオテクノロジー
1213	NUVL	NuvalentInc	その他	その他
1214	NVEE	ＮＶ５ホールディ...	資本財	建設・土木
1215	NVRO	ネブロ	ヘルスケア	ヘルスケア機器
1216	NVTA	インビテ	ヘルスケア	診断・研究
1217	NWBI	ノースウェスト・...	金融	貯蓄・抵当・不動産金融
1218	NWE	ノースウェスタン	公益事業	総合公益事業
1219	NWLI	ナショナル・ウェ...	金融	生命保険・健康保険
1220	NWN	ノースウェスト・...	公益事業	ガス
1221	NWPX	ノースウェエスト...	素材	金属・ガラス容器
1222	NX	クアネックス・ビ...	素材	建設資材
1223	NXGN	ネクストジェン・...	情報技術	アプリケーション・ソフトウェア
1224	NXRT	ネクスポイント・...	不動産	住宅用不動産投資信託
1225	NXT	NEXTrackerInc	Technology	Solar
1226	NYMT	ニューヨーク・モ...	金融	REIT-Mortgage
1227	OABI	OmniAb Inc.	Healthcare	バイオテクノロジー
1228	OB	OutbrainInc	電気通信	Internet Content & Information
1229	OBK	Origin Bancorp, Inc.	Financial Services	Banks-Regional
1230	OCFC	オーシャンファー...	金融	貯蓄・抵当・不動産金融
1231	OCGN	オキュジェン	ヘルスケア	バイオテクノロジー
1232	OCTO	Eightco Holdings ...	景気連動型消費財	Packaging & Containers
1233	OCUL	オキュラー・セラ...	ヘルスケア	バイオテクノロジー
1234	ODP	オフィス・デポ	一般消費財	専門店
1235	OEC	オリオン・エンジ...	素材	特殊化学品
1236	OFC	コーポレート・オ...	不動産	オフィス不動産投資信託
1237	OFG	OFGバンコープ	金融	地方銀行
1238	OFIX	オーソフィックス...	ヘルスケア	ヘルスケア機器
1239	OFLX	オメガ・フレックス	資本財	その他製造業
1240	OGS	ワン・ガス	公益事業	ガス
1241	OI	オーウェンズ・イ...	素材	包装紙
1242	OII	オーシャニアリン...	エネルギー	石油・ガス装置・サービス
1243	OIS	オイル・ステイツ...	エネルギー	石油・ガス装置・サービス
1244	OLO	OloInc	テクノロジー	Software-Application
1245	OLP	ワン・リバティ・...	不動産	REIT-Diversified
1246	OM	アウトセット・メ...	ヘルスケア	Medical Devices
1247	OMCL	オムニセル	情報技術	アプリケーション・ソフトウェア
1248	OMI	オーウェンズ・ア...	ヘルスケア	ヘルスケア・ディストリビュータ
1249	OMIC	SingularGenomicsS...	ヘルスケア	Medical Instruments & Supplies
1250	ONB	オールド・ナショ...	金融	アメリカ地域銀行
1251	ONDS	オンダス・ホール...	テクノロジー	Communication Equipment
1252	ONEW	OneWaterMarineInc	景気連動型消費財	レクリエーション　ビークル
1253	ONL	Orion Office REIT...	Real Estate	REIT-Office
1254	ONTF	ON24Inc	テクノロジー	Software-Application
1255	ONTO	オント・イノベー...	情報技術	Semiconductor Equipment & Mate
1256	OOMA	ウーマ	電気通信	総合電気通信サービス
1257	OPAD	オファーパッド・...	不動産	不動産サービス
1258	OPCH	オプション・ケア...	ヘルスケア	Medical Care Facilities
1259	OPFI	OppFi Inc	テクノロジー	Software-Application
1260	OPI	ガバメント・プロ...	不動産	オフィス不動産投資信託
1261	OPK	オプコ・ヘルス	ヘルスケア	医薬品
1262	OPRT	OportunFinancialCorp	金融	Credit Services
1263	OPRX	オプティマイズRx	ヘルスケア	Health Information Services
1264	OPY	オッペンハイマー...	金融	総合資本市場
1265	ORA	オーマット・テク...	公益事業	独立系発電事業者・エネルギー販売業者
1266	ORC	オーキッド・アイ...	金融	REIT-Mortgage
1267	ORGN	Origin Materials,...	金融	その他
1268	ORGO	オーガノジェネシ...	ヘルスケア	Drug Manufacturers-Specialty &
1269	ORRF	オースタウン・フ...	金融	アメリカ地域銀行
1270	OSBC	オールド・セカン...	金融	地方銀行
1271	OSCR	OscarHealthInc	ヘルスケア	Healthcare Plans
1272	OSIS	オーエスアイ・シ...	情報技術	電子部品
1273	OSPN	ワンスパン	情報技術	アプリケーション・ソフトウェア
1274	OSTK	オーバーストック...	一般消費財	専門店
1275	OSUR	オラシュア・テク...	ヘルスケア	ヘルスケア用品
1276	OSW	OneSpaWorldHoldin...	一般消費財	Leisure
1277	OTLK	オンコバイオロジ...	ヘルスケア	バイオテクノロジー
1278	OTTR	オッター・テイル	公益事業	総合公益事業
1279	OUST	Ouster Inc	テクノロジー	電子部品
1280	OUT	アウトフロント・...	不動産	専門不動産投資信託
1281	OXM	オックスフォード...	一般消費財	衣料品 製造
1282	PACB	パシフィック・バ...	ヘルスケア	診断・研究
1283	PACK	RanpakHoldingsCorp	素材	Packaging & Containers
1284	PAHC	フィブロ・アニマ...	ヘルスケア	医薬品
1285	PAR	ＰＡＲテクノロジー	情報技術	Software-Application
1286	PARR	パー・パシフィッ...	エネルギー	その他
1287	PATK	パトリック・イン...	一般消費財	家具・装飾
1288	PAYO	PayoneerGlobalInc	テクノロジー	Software-Infrastructure
1289	PBF	ＰＢＦエナジー ク...	エネルギー	石油・ガス精製・販売
1290	PBFS	PioneerBancorpInc/NY	金融	Banks-Regional
1291	PBH	プレスティージ・...	ヘルスケア	ヘルスケア・ディストリビュータ
1292	PBI	ピツニーボウズ	資本財	事務サービス・用品
1293	PCB	PCBBancorp	金融	地方銀行
1294	PCH	ポトラッチ	不動産	専門不動産投資信託
1295	PCRX	パシラ・ファーマ...	ヘルスケア	医薬品
1296	PCT	PureCycleTechnolo...	資本財	Pollution & Treatment Controls
1297	PCVX	バックスサイト	ヘルスケア	バイオテクノロジー
1298	PCYO	ピュア・サイクル	公益事業	水道
1299	PD	PagerDutyInc	情報技術	Software-Application
1300	PDCO	パターソン・カン...	ヘルスケア	ヘルスケア・ディストリビュータ
1301	PDFS	ピーディーエフ・...	情報技術	アプリケーション・ソフトウェア
1302	PDM	ピードモント・オ...	不動産	オフィス不動産投資信託
1303	PEB	ペブルブルーク・...	不動産	REIT-Hotel & Motel
1304	PEBO	ピープルズ・バン...	金融	アメリカ地域銀行
1305	PECO	PhillipsEdison&am...	不動産	REIT-Retail
1306	PEPG	PEPG	Healthcare	バイオテクノロジー
1307	PETQ	ペットIQ	ヘルスケア	医薬品
1308	PETS	ペットメド・エク...	生活必需品	薬品小売り
1309	PFBC	プリファード・バンク	金融	アメリカ地域銀行
1310	PFC	プレミア・ファイ...	金融	貯蓄・抵当・不動産金融
1311	PFIS	ピープルズ・フィ...	金融	地方銀行
1312	PFS	プロビデント・フ...	金融	貯蓄・抵当・不動産金融
1313	PFSI	ペニーマック・ホ...	金融	専門金融
1314	PFSW	PFSウェブ	資本財	サービス業
1315	PGC	ピーパック・グラ...	金融	アメリカ地域銀行
1316	PGEN	プレシゲン	ヘルスケア	バイオテクノロジー
1317	PGNY	ProgynyInc	ヘルスケア	Health Information Services
1318	PGRE	パラマウント・グ...	不動産	オフィス不動産投資信託
1319	PGTI	PTGイノベーションズ	資本財	建設関連製品
1320	PHAT	PhathomPharmaceut...	ヘルスケア	バイオテクノロジー
1321	PHR	PhreesiaInc	ヘルスケア	Health Information Services
1322	PI	インピンジー	情報技術	電子部品
1323	PIII	P3 Health Partner...	ヘルスケア	Medical Care Facilities
1324	PIPR	パイパー・サンドラー	金融	Capital Markets
1325	PJT	PJTパートナーズ　...	金融	総合資本市場
1326	PKBK	パーク・バンコープ	金融	地方銀行
1327	PKE	パーク・エレクト...	情報技術	半導体装置
1328	PL	Planet Labs PBC	資本財	航空宇宙・防衛
1329	PLAB	フォトロニクス	情報技術	半導体装置
1330	PLAY	デイブ＆バスター...	一般消費財	レストラン
1331	PLBY	PLBYグループ	一般消費財	アパレル・アクセサリー・贅沢品
1332	PLCE	チルドレンズ・プ...	一般消費財	衣料小売り
1333	PLL	PiedmontLithiumLtd	素材	金
1334	PLM	ポリメット・マイ...	素材	貴金属・鉱物
1335	PLMR	PalomarHoldingsInc	金融	Insurance-Property & Casualty
1336	PLOW	ダグラス・ダイナ...	一般消費財	自動車部品・装置
1337	PLPC	プリフォームド・...	情報技術	電子部品
1338	PLUS	イー・プラス	情報技術	アプリケーション・ソフトウェア
1339	PLXS	プレクサス	情報技術	委託製造業
1340	PLYM	プリマス・インダ...	不動産	工業用不動産投資信託
1341	PMT	ペニーマック・モ...	金融	REIT-Mortgage
1342	PMVP	ＰＭＶ・ファーマ...	ヘルスケア	バイオテクノロジー
1343	PNM	ピーエヌエム・リ...	公益事業	電力
1344	PNT	Pennsylvania Ente...	その他	その他
1345	PNTG	PennantGroupInc/The	ヘルスケア	Medical Care Facilities
1346	POR	ポートランド・ジ...	公益事業	電力
1347	POWI	パワー・インテグ...	情報技術	半導体
1348	POWL	パウエル・インダ...	資本財	その他製造業
1349	POWW	アモ	一般消費財	レジャー用品
1350	PPBI	パシフィック・プ...	金融	アメリカ地域銀行
1351	PR	Permian Resources...	エネルギー	Oil & Gas E&P
1352	PRA	プロアシュアランス	金融	動産保険・損害保険
1353	PRAA	PRAグループ	金融	消費者金融
1354	PRAX	プラクシス	ヘルスケア	バイオテクノロジー
1355	PRCH	プロップテック・...	テクノロジー	Software-Application
1356	PRCT	PROCEPTBioRobotic...	情報技術	アプリケーション・ソフトウェア
1357	PRDO	ペルドチェオ・エ...	一般消費財	教育サービス
1358	PRDS	パルデス・バイオ...	ヘルスケア	バイオテクノロジー
1359	PRFT	パーフィシェント	情報技術	インターネットサービスおよびインフラストラクチャー
1360	PRG	アーロンズ・ホー...	資本財	レンタル・リース
1361	PRGS	プログレス・ソフ...	情報技術	アプリケーション・ソフトウェア
1362	PRIM	プリモリス・サー...	資本財	Engineering & Construction
1363	PRK	パーク・ナショナル	金融	アメリカ地域銀行
1364	PRLB	プロト・ラブズ	資本財	産業機械
1365	PRM	ペリメーター・ソ...	基本素材	特殊化学品
1366	PRME	PrimeMedicineInc	Healthcare	Biotechnology
1367	PRMW	プリモ・ウォーター	生活必需品	清涼飲料
1368	PRO	プロス・ホールデ...	情報技術	アプリケーション・ソフトウェア
1369	PRPL	パープル・イノベ...	一般消費財	Furnishings, Fixtures & Applia
1370	PRTA	プロセナ	ヘルスケア	バイオテクノロジー
1371	PRTH	MIアクイジションズ	情報技術	Software-Infrastructure
1372	PRTS	ユーエス・オート...	一般消費財	専門店
1373	PRVA	PriviaHealthGroupInc	ヘルスケア	Health Information Services
1374	PSFE	ペイセーフ	テクノロジー	Information Technology Service
1375	PSMT	プライススマート	一般消費財	専門店
1376	PSN	ParsonsCorp	資本財	Specialty Industrial Machinery
1377	PSTL	ポスタル・リアル...	不動産	REIT-Office
1378	PTCT	PTCセラピューティ...	ヘルスケア	バイオテクノロジー
1379	PTEN	パターソン・ユー...	エネルギー	石油・ガス掘削
1380	PTGX	プロタゴニスト・...	ヘルスケア	バイオテクノロジー
1381	PTLO	Portillo's Inc.	景気連動型消費財	レストラン
1382	PTRA	プロテラ	景気連動型消費財	Auto Manufacturers
1383	PTSI	ＰＡＭトランスポ...	資本財	陸運
1384	PTVE	パクティブ・エバ...	素材	包装紙
1385	PUBM	パブマティック	一般消費財	インターネット販売・通信販売
1386	PUMP	プロペトロ・ホー...	エネルギー	石油・ガス装置・サービス
1387	PVBC	ProvidentBancorpInc	金融	貯蓄・抵当・不動産金融
1388	PWP	フィンテック・ア...	金融サービス	総合資本市場
1389	PWSC	PowerSchoolHoldin...	テクノロジー	Software-Application
1390	PZZA	パパ・ジョンズ・...	一般消費財	レストラン
1391	QCRH	QCRホールディングス	金融	地方銀行
1392	QLYS	クォリーズ	情報技術	アプリケーション・ソフトウェア
1393	QNST	クインストリート	情報技術	インターネットサービスおよびインフラストラクチャー
1394	QRTEA	キュレート・リテ...	一般消費財	専門店
1395	QSI	ハイケイプ・キャ...	ヘルスケア	バイオテクノロジー
1396	QTRX	クアンテリックス	ヘルスケア	バイオテクノロジー
1397	QTWO	Q2ホールディングス	情報技術	システム・ソフトウェア
1398	QUAD	クアド・グラフィ...	資本財	サービス業
1399	QUOT	クオシェント・テ...	一般消費財	マーケティング
1400	RAD	ライト・エイド	生活必需品	Pharmaceutical Retailers
1401	RADI	ラディウス・グロ...	電気通信	Telecom Services
1402	RAMP	ライブランプ・ホ...	情報技術	インターネットサービスおよびインフラストラクチャー
1403	RAPT	RAPTTherapeuticsInc	ヘルスケア	バイオテクノロジー
1404	RBB	RBBバンコープ	金融	その他
1405	RBBN	リボン・コミュニ...	電気通信	総合電気通信サービス
1406	RBC	リーガル・ベロイト	資本財	その他製造業
1407	RBCAA	リパブリック・バ...	金融	アメリカ地域銀行
1408	RBOT	Vicarious Surgica...	ヘルスケア	Medical Devices
1409	RC	レディ・キャピタル	金融	REIT-Mortgage
1410	RCKT	ロケット・ファー...	ヘルスケア	バイオテクノロジー
1411	RCKY	ロッキー・ブランズ	一般消費財	アパレル・アクセサリー・贅沢品
1412	RCM	R1RCM	情報技術	アプリケーション・ソフトウェア
1413	RCUS	アーカス・バイオ...	ヘルスケア	バイオテクノロジー
1414	RDFN	レッドフィン	不動産	不動産サービス
1415	RDN	ラディアン･グループ	金融	生命保険・健康保険
1416	RDNT	ラドネット	ヘルスケア	診断・研究
1417	RDVT	RedVioletInc	資本財	調査・コンサルティングサービス
1418	RDW	Redwire Corporation	資本財	Aerospace & Defense
1419	REAL	RealRealInc/The	一般消費財	Luxury Goods
1420	REFI	ChicagoAtlanticRe...	Real Estate	バイオテクノロジー
1421	REI	リング・エナジー	エネルギー	石油・ガス探査・開発
1422	RELY	RemitlyGlobalInc	テクノロジー	Software-Infrastructure
1423	RENT	RenttheRunwayInc	Consumer Cyclical	Apparel Retail
1424	REPL	ReplimuneGroupInc	ヘルスケア	バイオテクノロジー
1425	REPX	Riley Exploration...	エネルギー	石油・ガス精製・販売
1426	RES	アールピーシー	エネルギー	石油・ガス装置・サービス
1427	RETA	レアタ・ファーマ...	ヘルスケア	バイオテクノロジー
1428	REVG	REVグループ	一般消費財	レクリエーション　ビークル
1429	REX	レックス・アメリ...	素材	総合化学
1430	REZI	レジデオ・テクノ...	資本財	セキュリティ・警報装置サービス
1431	RGNX	レジェンクスバイオ	ヘルスケア	バイオテクノロジー
1432	RGP	リソーシズ・コネ...	エネルギー	その他
1433	RGR	スターム・ルガー	資本財	航空宇宙・防衛
1434	RGTI	RigettiComputingInc	Technology	Computer Hardware
1435	RHP	ライマン・ホスピ...	不動産	REIT-Hotel & Motel
1436	RICK	リックス・キャバ...	一般消費財	レストラン
1437	RIDE	ローズタウン・モ...	景気連動型消費財	Auto Manufacturers
1438	RIGL	リジェル・ファー...	ヘルスケア	バイオテクノロジー
1439	RILY	B.ライリー・ファ...	金融	投資銀行・証券会社
1440	RIOT	リオット・ブロッ...	金融	総合資本市場
1441	RKLB	ロケット・ラブUSA	資本財	航空宇宙・防衛
1442	RLAY	リレー・セラピュ...	ヘルスケア	バイオテクノロジー
1443	RLGT	ラディアント・ロ...	資本財	航空貨物・物流サービス
1444	RLI	アールエルアイ	金融	動産保険・損害保険
1445	RLJ	RLJロッジング・ト...	不動産	REIT-Hotel & Motel
1446	RLMD	レルマダ・セラピ...	ヘルスケア	医薬品
1447	RLYB	RallybioCorp	ヘルスケア	バイオテクノロジー
1448	RM	リージョナル・マ...	金融	消費者金融
1449	RMAX	リ・マックス・ホ...	不動産	不動産サービス
1450	RMBL	RumbleONInc	一般消費財	Auto & Truck Dealerships
1451	RMBS	ラムバス	情報技術	半導体
1452	RMNI	リミニ・ストリート	情報技術	アプリケーション・ソフトウェア
1453	RMR	RMRグループ	不動産	不動産サービス
1454	RNA	アヴィディティ・...	ヘルスケア	バイオテクノロジー
1455	RNST	レナサント	金融	アメリカ地域銀行
1456	ROAD	コンストラクショ...	資本財	Engineering & Construction
1457	ROCC	レインジャー・オイル	エネルギー	Oil & Gas E&P
1458	ROCK	ジブラルタル・イ...	素材	建設資材
1459	ROG	ロジャーズ	情報技術	電子部品
1460	ROIC	リテイル・オポチ...	不動産	REIT-Retail
1461	ROOT	ルート	金融サービス	Insurance-Property & Casualty
1462	ROVR	Rover Group, Inc	景気連動型消費財	Personal Services
1463	RPAY	RepayHoldingsCorp	情報技術	Software-Infrastructure
1464	RPD	ラピッド7	情報技術	アプリケーション・ソフトウェア
1465	RPT	ラムコ・ガーシェ...	不動産	REIT-Retail
1466	RRBI	RedRiverBancshare...	金融	Banks-Regional
1467	RRR	レッド・ロック・...	一般消費財	カジノ・ゲーム
1468	RSI	ｄMY・テクノロジ...	景気連動型消費財	Gambling
1469	RSVR	RSVR	電気通信	Entertainment
1470	RTL	Necessity Retail ...	不動産	REIT-Diversified
1471	RUSHA	ラッシュ・エンタ...	一般消費財	自動車小売り
1472	RUSHB	ラッシュ・エンタ...	景気連動型消費財	Auto & Truck Dealerships
1473	RUTH	ルースズ・ホスピ...	一般消費財	レストラン
1474	RVLV	RevolveGroupInc	一般消費財	インターネット販売・通信販売
1475	RVMD	REVOLUTIONMedicin...	ヘルスケア	バイオテクノロジー
1476	RVNC	レバンス・セラピ...	ヘルスケア	バイオテクノロジー
1477	RWT	レッドウッド・ト...	金融	REIT-Mortgage
1478	RXDX	PrometheusBioscie...	ヘルスケア	バイオテクノロジー
1479	RXRX	RecursionPharmace...	ヘルスケア	バイオテクノロジー
1480	RXST	RxSightInc	その他	その他
1481	RXT	ラックスペース・...	テクノロジー	Software-Infrastructure
1482	RYAM	レイオニア・アド...	素材	Chemicals
1483	RYI	ライアーソン・ホ...	素材	金属・ガラス容器
1484	SABR	セーバー	情報技術	インターネットサービスおよびインフラストラクチャー
1485	SAFE	セイフティー・イ...	不動産	REIT-Diversified
1486	SAFT	セーフティー・イ...	金融	動産保険・損害保険
1487	SAGE	セージ・セラピュ...	ヘルスケア	バイオテクノロジー
1488	SAH	ソニック・オート...	一般消費財	自動車小売り
1489	SAIA	サイア	資本財	陸運
1490	SAMG	シルバークレスト...	金融	資産運用会社・資産管理銀行
1491	SANA	SanaBiotechnologyInc	ヘルスケア	バイオテクノロジー
1492	SANM	サンミナ	情報技術	電子部品
1493	SASR	サンディ・スプリ...	金融	アメリカ地域銀行
1494	SATS	エコスター クラスA	情報技術	通信機器
1495	SAVA	キャッサバ・サイ...	ヘルスケア	バイオテクノロジー
1496	SAVE	スピリット航空	資本財	旅客航空輸送業
1497	SB	セーフ・バルカーズ	資本財	Marine Shipping
1498	SBCF	シーコースト・バ...	金融	アメリカ地域銀行
1499	SBGI	シンクレア・ブロ...	電気通信	放送
1500	SBH	サリー・ビューテ...	一般消費財	専門店
1501	SBOW	シルバーボウ・リ...	エネルギー	石油・ガス探査・開発
1502	SBRA	サブラ・ヘルスケ...	不動産	REIT-Healthcare Facilities
1503	SBSI	サウスサイド・バ...	金融	アメリカ地域銀行
1504	SBT	SterlingBancorpIn...	金融	貯蓄・抵当・不動産金融
1505	SCHL	スコラスティック	電気通信	出版
1506	SCHN	シュナイツァー・...	素材	鉄鋼
1507	SCL	ステパン	素材	特殊化学品
1508	SCS	スチールケース ク...	資本財	事務サービス・用品
1509	SCSC	スキャンソース	一般消費財	コンピュータ・電子機器小売り
1510	SCU	スカルプター・キ...	金融	Asset Management
1511	SCVL	シュー・カーニバル	一般消費財	衣料小売り
1512	SCWX	セキュアワークス...	情報技術	アプリケーション・ソフトウェア
1513	SD	サンドリッジ・エ...	エネルギー	石油・ガス探査・開発
1514	SDGR	SchrodingerInc/Un...	ヘルスケア	ヘルスケア・テクノロジー
1515	SEAS	シーワールド・エ...	一般消費財	レジャー用品
1516	SEAT	VividSeatsInc	電気通信	Internet Content & Information
1517	SEER	シアー	ヘルスケア	バイオテクノロジー
1518	SEM	セレクト・メディ...	ヘルスケア	ヘルスケアサービス
1519	SENEA	セネカ・フーズ ク...	生活必需品	包装食品・肉
1520	SENS	Senseonics Holdin...	ヘルスケア	診断・研究
1521	SFBS	サービスファース...	金融	地方銀行
1522	SFIX	スティッチ・フィ...	一般消費財	専門店
1523	SFL	SFL	エネルギー	石油・ガス貯蔵・輸送
1524	SFM	スプラウツ・ファ...	生活必需品	薬品小売り
1525	SFNC	シモンズ・ファー...	金融	アメリカ地域銀行
1526	SFST	サザーン・ファー...	金融	地方銀行
1527	SG	SiriusInternation...	金融	再保険
1528	SGC	スーペリア・ユニ...	一般消費財	衣料品 製造
1529	SGH	スマート・グロー...	情報技術	半導体
1530	SGHT	SightSciencesInc	ヘルスケア	Medical Devices
1531	SGMO	サンガモ・セラピ...	ヘルスケア	バイオテクノロジー
1532	SGRY	サージェリー・パ...	ヘルスケア	ヘルスケア施設
1533	SHAK	シェイク・シャッ...	一般消費財	レストラン
1534	SHBI	ショアー・バンク...	金融	地方銀行
1535	SHCR	ファルコン・キャ...	その他	その他
1536	SHEN	シェナンドー・テ...	電気通信	総合電気通信サービス
1537	SHLS	ShoalsTechnologie...	テクノロジー	太陽光関連
1538	SHO	サンストーン・ホ...	不動産	REIT-Hotel & Motel
1539	SHOO	スティーブン・マデン	一般消費財	アパレル・アクセサリー・贅沢品
1540	SHYF	ザ・シフト・グループ	資本財	産業機械
1541	SIBN	SIBONEInc	ヘルスケア	ヘルスケア用品
1542	SIG	シグネット・ジュ...	一般消費財	アパレル・アクセサリー・贅沢品
1543	SIGA	シガ・テクノロジーズ	ヘルスケア	バイオテクノロジー
1544	SIGI	セレクティブ・イ...	金融	動産保険・損害保険
1545	SILK	SilkRoadMedicalInc	ヘルスケア	Medical Devices
1546	SITC	SITEセンターズ	不動産	REIT-Retail
1547	SITM	SiTimeCorp	情報技術	半導体
1548	SJW	エスジェイダブリ...	公益事業	水道
1549	SKIL	SkillSoft Ltd	その他	その他
1550	SKIN	ビューティーヘルス	ディフェンシブ	Household & Personal Products
1551	SKLZ	スキルズ	電気通信	インタラクティブ・ホームエンターテイメント
1552	SKT	タンガー・ファク...	不動産	REIT-Retail
1553	SKWD	SkywardSpecialtyI...	Financial Services	Insurance-Property & Casualty
1554	SKY	スカイライン・チ...	一般消費財	Residential Construction
1555	SKYT	SkyWaterTechnolog...	テクノロジー	半導体
1556	SKYW	スカイウェスト	資本財	旅客航空輸送業
1557	SLAB	シリコン・ラボラ...	情報技術	半導体
1558	SLCA	ユーエス・シリカ...	素材	貴金属・鉱物
1559	SLDP	Solid Power Inc	資本財	Electrical Equipment & Parts
1560	SLGC	SomaLogic Inc	ヘルスケア	Health Information Services
1561	SLP	シミュレーション...	情報技術	アプリケーション・ソフトウェア
1562	SLQT	セレクトクォート	金融サービス	保険ブローカー
1563	SLVM	Sylvamo Corporation	その他	その他
1564	SM	エスエム・エナジー	エネルギー	石油・ガス探査・開発
1565	SMBC	サザン・ミズーリ...	金融	貯蓄・抵当・不動産金融
1566	SMBK	スマートファイナ...	金融	地方銀行
1567	SMCI	スーパー・マイク...	情報技術	テクノロジー ハードウェア・コンピュータ記憶装置・周辺機器
1568	SMMF	サミット・ファイ...	金融	その他
1569	SMP	スタンダード・モ...	一般消費財	自動車部品・装置
1570	SMPL	シンプリー・グッ...	生活必需品	包装食品・肉
1571	SMR	S.M.R.E. SpA	その他	その他
1572	SMRT	スタイン・マート	一般消費財	衣料小売り
1573	SMTC	セムテック	情報技術	半導体
1574	SNBR	スリープ・ナンバ...	一般消費財	家具・装飾
1575	SNCE	Science 37 Holdin...	Healthcare	Health Information Services
1576	SNCY	SunCountryAirline...	資本財	旅客航空輸送業
1577	SNDX	シンダックス・フ...	ヘルスケア	バイオテクノロジー
1578	SNEX	ストーンXグループ	金融サービス	総合資本市場
1579	SNPO	SnapOneHoldingsCorp	テクノロジー	Electronics & Computer Distrib
1580	SOI	ソラリス・オイル...	エネルギー	石油・ガス装置・サービス
1581	SOND	SOND	Consumer Cyclical	Lodging
1582	SONO	ソノス	一般消費財	民生用電子機器
1583	SOVO	SovosBrandsInc	ディフェンシブ	Packaged Foods
1584	SP	エスピー・プラス...	資本財	サービス業
1585	SPCE	VirginGalacticHol...	資本財	Aerospace & Defense
1586	SPFI	SouthPlainsFinanc...	金融	Banks-Regional
1587	SPHR	Sphere Entertainm...	電気通信	Entertainment
1588	SPIR	Spire Corporation	情報技術	Specialty Business Services
1589	SPNS	サピエンス・イン...	情報技術	アプリケーション・ソフトウェア
1590	SPNT	シリウスポイント	その他	その他
1591	SPSC	エスピーエス・コ...	情報技術	アプリケーション・ソフトウェア
1592	SPT	SproutSocialInc	情報技術	Software-Application
1593	SPTN	スパルタンナッシ...	生活必需品	食品流通
1594	SPWH	スポーツマンズ・...	一般消費財	専門店
1595	SPWR	サンパワー	情報技術	太陽光関連
1596	SPXC	エスピーエックス	資本財	その他製造業
1597	SQSP	SquarespaceInc	テクノロジー	Software-Infrastructure
1598	SR	スパイア	公益事業	ガス
1599	SRCE	ファースト・ソース	金融	アメリカ地域銀行
1600	SRDX	サーモディクス	ヘルスケア	診断・研究
1601	SRI	ストーンリッジ	一般消費財	自動車部品・装置
1602	SSB	サウス・ステート...	金融	アメリカ地域銀行
1603	SSD	シンプソン・マニ...	資本財	産業機械
1604	SSP	イー・ダブリュー...	電気通信	放送
1605	SSTI	ショットスポッター	情報技術	アプリケーション・ソフトウェア
1606	SSTK	シャッターストック	情報技術	インターネットサービスおよびインフラストラクチャー
1607	STAA	スター・サージカル	ヘルスケア	ヘルスケア用品
1608	STAG	スタッグ・インダ...	不動産	工業用不動産投資信託
1609	STBA	エス・アンド・テ...	金融	アメリカ地域銀行
1610	STC	スチュワート・イ...	金融	動産保険・損害保険
1611	STEL	Stellarone Corp	金融	その他
1612	STEM	ステムセルズ	テクノロジー	Software-Infrastructure
1613	STEP	ステップストーン...	金融サービス	Asset Management
1614	STER	SterlingCheckCorp	テクノロジー	Software-Infrastructure
1615	STGW	MDCパートナーズ	電気通信	Advertising Agencies
1616	STHO	Star Holdings	不動産	不動産サービス
1617	STKL	サンオプタ	生活必需品	包装食品・肉
1618	STKS	ワン・グループ・...	一般消費財	レストラン
1619	STNE	ストーン　クラスA	情報技術	アプリケーション・ソフトウェア
1620	STNG	スコーピオ・タン...	エネルギー	その他
1621	STOK	ストーク・セラピ...	ヘルスケア	バイオテクノロジー
1622	STR	ドミニオン・エナ...	公益事業	その他
1623	STRA	ストラテジック・...	一般消費財	教育サービス
1624	STRC	SarcosTechnologya...	テクノロジー	Computer Hardware
1625	STRL	スターリング・コ...	資本財	建設・土木
1626	STRO	ストゥロ・バイオ...	ヘルスケア	バイオテクノロジー
1627	STRS	ストラタス・プロ...	不動産	不動産サービス
1628	SUM	サミット・マテリ...	素材	建設資材
1629	SUNL	Sunrise Internati...	その他	その他
1630	SUPN	スーパーナス・フ...	ヘルスケア	医薬品
1631	SVC	ホスピタリティ・...	不動産	REIT-Hotel & Motel
1632	SWAV	ShockwaveMedicalInc	ヘルスケア	Medical Devices
1633	SWBI	スミス・アンド・...	一般消費財	レジャー用品
1634	SWI	ソーラーウィンズ	情報技術	システム・ソフトウェア
1635	SWIM	LathamGroupInc	資本財	Building Products & Equipment
1636	SWKH	SWKホールディングス	金融	Asset Management
1637	SWTX	SpringWorksTherap...	ヘルスケア	バイオテクノロジー
1638	SWX	サウスウェスト･ガ...	公益事業	ガス
1639	SXC	サンコーク・エナジー	素材	石炭・消耗燃料
1640	SXI	スタンデックス・...	資本財	その他製造業
1641	SXT	センシェント・テ...	素材	特殊化学品
1642	SYBT	ストック・ヤーズ...	金融	アメリカ地域銀行
1643	SYNA	シナプティクス	情報技術	アプリケーション・ソフトウェア
1644	TALO	TalosEnergyInc	エネルギー	Oil & Gas E&P
1645	TALS	TalarisTherapeuti...	その他	その他
1646	TARS	ターサス・ファー...	ヘルスケア	バイオテクノロジー
1647	TBBK	バンコープ	金融	地方銀行
1648	TBI	トゥルーブルー	資本財	人事・雇用サービス
1649	TBPH	セラバンス・バイ...	ヘルスケア	バイオテクノロジー
1650	TCBI	テキサス・キャピ...	金融	アメリカ地域銀行
1651	TCBK	トライコー・バン...	金融	アメリカ地域銀行
1652	TCBX	ThirdCoastBancsha...	Financial Services	Banks-Regional
1653	TCI	トランスコンチネ...	不動産	Real Estate Services
1654	TCMD	タクタイル・シス...	ヘルスケア	ヘルスケア機器
1655	TCS	ザ・コンテナ・ス...	一般消費財	専門店
1656	TCX	トゥカウズ　クラスA	情報技術	インターネットサービスおよびインフラストラクチャー
1657	TDS	コンテイナー・ス...	電気通信	総合電気通信サービス
1658	TDUP	thredUPInc	景気連動型消費財	Internet Retail
1659	TDW	タイドウォーター	エネルギー	石油・ガス装置・サービス
1660	TELL	テルリアン	エネルギー	石油・ガス探査・開発
1661	TENB	テナブル・ホール...	情報技術	システム・ソフトウェア
1662	TEX	テレックス	資本財	農業機械
1663	TFIN	Triumph Financial...	Financial Services	Banks-Regional
1664	TG	トレデガー	資本財	コングロマリット
1665	TGAN	TransphormInc	テクノロジー	Semiconductor Equipment & Mate
1666	TGH	テクステイナー・...	資本財	レンタル・リース
1667	TGI	トライアンフ･グル...	資本財	航空宇宙・防衛
1668	TGNA	テグナ	電気通信	放送
1669	TGTX	ティージー・セラ...	ヘルスケア	バイオテクノロジー
1670	TH	TargetHospitality...	一般消費財	Oil & Gas Equipment & Services
1671	THFF	ファースト・フィ...	金融	アメリカ地域銀行
1672	THR	サーモン・グルー...	資本財	その他製造業
1673	THRD	Third Harmonic Bi...	ヘルスケア	バイオテクノロジー
1674	THRM	ジェンサーム	一般消費財	自動車部品・装置
1675	THRN	ThorneHealthTechInc	ディフェンシブ	Packaged Foods
1676	THRX	TheseusPharmaceut...	Healthcare	バイオテクノロジー
1677	THRY	デックス・メディア	電気通信	広告
1678	THS	ツリーハウス・フーズ	生活必需品	包装食品・肉
1679	TIL	InstilBioInc	ヘルスケア	バイオテクノロジー
1680	TILE	インターフェース	一般消費財	繊維
1681	TIPT	ティップツリー	金融	動産保険・損害保険
1682	TITN	タイタン・マシー...	資本財	商社・流通業
1683	TK	ティーケイ	エネルギー	Oil & Gas Midstream
1684	TKNO	AlphaTeknovaInc	その他	その他
1685	TLS	テロス	情報技術	Information Technology Service
1686	TLYS	ティリーズ	一般消費財	衣料小売り
1687	TMCI	TreaceMedicalConc...	ヘルスケア	Medical Devices
1688	TMDX	TransMedicsGroupInc	ヘルスケア	Medical Devices
1689	TMHC	テイラー・モリソ...	一般消費財	住宅建設
1690	TMP	トンプキンズ・フ...	金融	アメリカ地域銀行
1691	TMST	ティムケン・スチール	素材	鉄鋼
1692	TNC	テナントカンパニー	資本財	その他製造業
1693	TNET	トライネット・グ...	資本財	人事・雇用サービス
1694	TNGX	BCTGアクイジション	ヘルスケア	バイオテクノロジー
1695	TNK	ティーケイ・タン...	エネルギー	Oil & Gas Midstream
1696	TNYA	TenayaTherapeutic...	その他	その他
1697	TOI	ザ・オンコロジー...	Healthcare	Medical Care Facilities
1698	TOWN	タウン・バンク	金融	アメリカ地域銀行
1699	TPB	ターニング・ポイ...	生活必需品	タバコ
1700	TPC	チューター・ペリーニ	資本財	建設・土木
1701	TPH	ＴＲＩポワント・...	一般消費財	住宅建設
1702	TPIC	ＴＰＩコンポジット	資本財	その他製造業
1703	TR	トッツィー・ロー...	生活必需品	包装食品・肉
1704	TRC	テジョン・ランチ	不動産	不動産サービス
1705	TREE	レンディングツリー	金融	専門金融
1706	TRMK	トラストマーク	金融	アメリカ地域銀行
1707	TRN	トリニティ･インダ...	資本財	鉄道
1708	TRNO	テレーノ・リアルティ	不動産	工業用不動産投資信託
1709	TRNS	トランスキャット	資本財	商社・流通業
1710	TROX	TronoxHoldingsPLC	素材	Chemicals
1711	TRS	トライマス	資本財	その他製造業
1712	TRST	トラストコ・バン...	金融	アメリカ地域銀行
1713	TRTN	トリトン・インタ...	資本財	レンタル・リース
1714	TRTX	TPGREファイナンス...	金融	REIT-Mortgage
1715	TRUE	トゥルーカー	情報技術	インターネットサービスおよびインフラストラクチャー
1716	TRUP	トゥルーパニオン	金融	生命保険・健康保険
1717	TSE	トリンセオ	一般消費財	ゴム・プラスチック
1718	TSP	TuSimpleHoldingsInc	資本財	陸運
1719	TSVT	2セブンティ・バイオ	ヘルスケア	Drug Manufacturers-General
1720	TTCF	タトゥード・シェフ	ディフェンシブ	Packaged Foods
1721	TTEC	TTECホールディングス	資本財	サービス業
1722	TTGT	テックターゲット	情報技術	インターネットサービスおよびインフラストラクチャー
1723	TTI	テトラ・テクノロ...	エネルギー	石油・ガス装置・サービス
1724	TTMI	ティーティーエム...	情報技術	委託製造業
1725	TTSH	タイル・ショップ...	一般消費財	住宅関連用品小売り
1726	TUP	タッパーウェア・...	一般消費財	Packaging & Containers
1727	TVTX	レトロフィン	ヘルスケア	バイオテクノロジー
1728	TWI	タイタン・インタ...	資本財	Farm & Heavy Construction Mach
1729	TWNK	ホステス・ブランズ	生活必需品	包装食品・肉
1730	TWO	トゥー・ハーバー...	金融	REIT-Mortgage
1731	TWOU	トゥーユー	情報技術	システム・ソフトウェア
1732	TWST	TwistBioscienceCorp	ヘルスケア	診断・研究
1733	TXRH	テキサス・ロード...	一般消費財	レストラン
1734	TYRA	TyraBiosciencesInc	ヘルスケア	バイオテクノロジー
1735	UBA	ウルスタッド・ビ...	不動産	REIT-Retail
1736	UBSI	ユナイテッド・バ...	金融	アメリカ地域銀行
1737	UCBI	ユナイテッド・コ...	金融	アメリカ地域銀行
1738	UCTT	ウルトラ・クリー...	情報技術	半導体装置
1739	UDMY	UdemyInc	ディフェンシブ	教育サービス
1740	UE	アーバン・エッジ...	不動産	REIT-Diversified
1741	UEC	Uranium Energy Corp	エネルギー	Uranium
1742	UEIC	ユニバーサル・エ...	一般消費財	民生用電子機器
1743	UFCS	ユナイテッド・フ...	金融	動産保険・損害保険
1744	UFI	ユニファイ	一般消費財	繊維
1745	UFPI	ユニバーサル・フ...	素材	林産品
1746	UFPT	ユーエフピー・テ...	素材	包装紙
1747	UHT	ユニバーサル・ヘ...	不動産	REIT-Healthcare Facilities
1748	UIS	ユニシス	情報技術	インターネットサービスおよびインフラストラクチャー
1749	ULCC	FrontierGroupHold...	資本財	旅客航空輸送業
1750	ULH	ユニバーサル・ロ...	資本財	陸運
1751	UMBF	ユーエムビー・フ...	金融	アメリカ地域銀行
1752	UMH	UMHプロパティーズ	不動産	住宅用不動産投資信託
1753	UNF	ユニファースト	一般消費財	衣料品 製造
1754	UNFI	ユナイテッド･ナチ...	生活必需品	食品流通
1755	UNIT	ユニティ・グループ	不動産	専門不動産投資信託
1756	UNTY	ユニティー・バン...	金融	地方銀行
1757	UONE	アーバン・ワン	電気通信	放送
1758	UONEK	アーバン・ワン	電気通信	放送
1759	UP	ホイールズ・アッ...	資本財	空港サービス
1760	UPBD	Upbound Group Inc.	テクノロジー	Software-Application
1761	UPLD	アップランド・ソ...	情報技術	アプリケーション・ソフトウェア
1762	UPWK	アップワーク	情報技術	インターネットサービスおよびインフラストラクチャー
1763	URBN	アーバン・アウト...	一般消費財	衣料小売り
1764	URG	Ur-Energy Inc	エネルギー	Uranium
1765	USCB	USCenturyBank	金融サービス	Banks-Regional
1766	USLM	ユナイテッドステ...	素材	建設資材
1767	USM	ユナイテッド・ス...	電気通信	総合電気通信サービス
1768	USNA	ユサナ・ヘルス・...	生活必需品	家庭用品
1769	USPH	ユー・エス・フィ...	ヘルスケア	ヘルスケアサービス
1770	UTI	ユニバーサル・テ...	一般消費財	教育サービス
1771	UTL	ユニティル	公益事業	総合公益事業
1772	UTMD	ユタ・メディカル...	ヘルスケア	ヘルスケア用品
1773	UTZ	UTZブランズ	生活必需品	包装食品・肉
1774	UUUU	エナジー・フュエル	素材	貴金属・鉱物
1775	UVE	ユニバーサル・イ...	金融	動産保険・損害保険
1776	UVSP	ユニベスト・コー...	金融	アメリカ地域銀行
1777	UVV	ユニバーサル	生活必需品	タバコ
1778	VAL	エンスコ	エネルギー	特殊化学品
1779	VALU	バリュー・ライン	電気通信	出版
1780	VBIV	VBIワクチン	ヘルスケア	バイオテクノロジー
1781	VBTX	ベリテックス・ホ...	金融	地方銀行
1782	VC	ビステオン	一般消費財	自動車部品・装置
1783	VCEL	ヴェリセル	ヘルスケア	バイオテクノロジー
1784	VCSA	VacasaInc	金融サービス	Software-Application
1785	VCTR	VictoryCapitalHol...	金融	資産運用会社・資産管理銀行
1786	VCYT	ヴェラサイト	ヘルスケア	バイオテクノロジー
1787	VECO	ビーコ・インスト...	情報技術	半導体装置
1788	VEL	VelocityFinancialInc	金融サービス	Mortgage Finance
1789	VERA	VeraTherapeuticsInc	その他	その他
1790	VERI	ベリトーン	情報技術	システム・ソフトウェア
1791	VERU	ベル	ヘルスケア	医薬品
1792	VERV	VerveTherapeuticsInc	ヘルスケア	バイオテクノロジー
1793	VGR	ベクター・グループ	生活必需品	タバコ
1794	VHI	バルヒ	素材	総合化学
1795	VIA	ビア・リニューア...	公益事業	Utilities-Regulated Electric
1796	VIAV	ビアビ・ソリュー...	情報技術	通信機器
1797	VICR	バイコア	情報技術	電子部品
1798	VIEW	View, Inc	資本財	Building Products & Equipment
1799	VIR	VirBiotechnologyInc	ヘルスケア	バイオテクノロジー
1800	VITL	バイタル・ファームズ	ディフェンシブ	Farm Products
1801	VLD	Velo3D Inc	テクノロジー	Computer Hardware
1802	VLGEA	ビレッジ・スーパ...	生活必需品	薬品小売り
1803	VLY	バレー・ナショナ...	金融	アメリカ地域銀行
1804	VMEO	ヴィメオ・ホール...	テクノロジー	Software-Application
1805	VNDA	バンダ・ファーマ...	ヘルスケア	バイオテクノロジー
1806	VPG	ビシェイ・プレシ...	情報技術	化学・技術的機械
1807	VRAY	ビューレイ	ヘルスケア	ヘルスケア機器
1808	VRDN	ビリジアン・セラ...	ヘルスケア	バイオテクノロジー
1809	VRE	ベリス・レジデン...	不動産	REIT-Residential
1810	VREX	バレックス・イメ...	ヘルスケア	診断・研究
1811	VRNS	バロニス・システムズ	情報技術	システム・ソフトウェア
1812	VRNT	ベリントシステムズ	情報技術	アプリケーション・ソフトウェア
1813	VRRM	VerraMobilityCorp	情報技術	セキュリティ・警報装置サービス
1814	VRTS	バータス・インベ...	金融	資産運用会社・資産管理銀行
1815	VRTV	ベリティブ	資本財	事務サービス・用品
1816	VSEC	ブイエスイー	資本財	建設・土木
1817	VSH	ビシェイ・インタ...	情報技術	半導体
1818	VSTO	ビスタ・アウトドア	一般消費財	レジャー用品
1819	VTGN	ビスタジェン・セ...	ヘルスケア	バイオテクノロジー
1820	VTLE	Vital Energy Inc.	エネルギー	Oil & Gas E&P
1821	VTNR	バーテックス・エ...	エネルギー	石油・ガス精製・販売
1822	VTOL	ブリストウ・グループ	エネルギー	Oil & Gas Equipment & Services
1823	VTYX	VentyxBiosciencesInc	ヘルスケア	バイオテクノロジー
1824	VUZI	ビュージックス	一般消費財	民生用電子機器
1825	VVI	ビアド	資本財	サービス業
1826	VVX	ベクトラス	Industrials	Aerospace & Defense
1827	VWE	ヴィンテージ・ワ...	ディフェンシブ	Beverages-Wineries & Distiller
1828	VXRT	ヴァクスアート	ヘルスケア	バイオテクノロジー
1829	VZIO	VizioHoldingCorp	Technology	Consumer Electronics
1830	WABC	ウェストアメリカ...	金融	アメリカ地域銀行
1831	WAFD	ワシントン・フェ...	金融	貯蓄・抵当・不動産金融
1832	WASH	ワシントン・トラ...	金融	アメリカ地域銀行
1833	WD	ウォーカー・アン...	金融	専門金融
1834	WDFC	ダブリューディー４０	素材	特殊化学品
1835	WEAV	WeaveCommunicatio...	情報技術	Software-Application
1836	WERN	ワーナー・エンタ...	資本財	陸運
1837	WEYS	ウェイコ・グループ	一般消費財	アパレル・アクセサリー・贅沢品
1838	WFRD	ウェザーフォード...	エネルギー	石油・ガス装置・サービス
1839	WGO	ウィニベーゴ・イ...	一般消費財	レクリエーション　ビークル
1840	WGS	GeneDx Holdings C...	ヘルスケア	Health Information Services
1841	WHD	CactusInc	エネルギー	その他
1842	WINA	ウィンマーク	一般消費財	専門店
1843	WING	ウィングストップ	一般消費財	レストラン
1844	WIRE	エンコア・ワイヤ	情報技術	電子部品
1845	WISH	コンテクストロジック	一般消費財	インターネット販売・通信販売
1846	WK	ワーキバ	情報技術	アプリケーション・ソフトウェア
1847	WKHS	ワークホース・グ...	一般消費財	自動車部品・装置
1848	WLDN	ウィルダン・グループ	資本財	建設・土木
1849	WLLAW	Whiting Petroleum...		
1850	WLLBW	Whiting Petroleum...		
1851	WLY	ジョン・ワイリー...	電気通信	出版
1852	WMK	ウェイズ・マーケッツ	生活必需品	薬品小売り
1853	WNC	ワバシュ・ナショナル	資本財	産業機械
1854	WOR	ワージントン・イ...	素材	鉄鋼
1855	WOW	ワイドオープンウ...	電気通信	ケーブル・衛星テレビ
1856	WRBY	WarbyParkerInc	ヘルスケア	Medical Instruments & Supplies
1857	WRLD	ワールド・アクセ...	金融	消費者金融
1858	WSBC	ウェスバンコ	金融	アメリカ地域銀行
1859	WSBF	ウォーターストー...	金融	貯蓄・抵当・不動産金融
1860	WSFS	ダブリューエスエ...	金融	アメリカ地域銀行
1861	WSR	ホワイトストーン...	不動産	REIT-Retail
1862	WT	WT	Financial Services	Asset Management
1863	WTBA	ウェスト・バンコ...	金融	アメリカ地域銀行
1864	WTI	ダブリュー・アン...	エネルギー	石油・ガス探査・開発
1865	WTS	ワッツ・ウォータ...	資本財	その他製造業
1866	WTTR	セレクト・エナジ...	エネルギー	石油・ガス装置・サービス
1867	WULF	テラウルフ	金融サービス	総合資本市場
1868	WW	WWインターナショナル	一般消費財	Personal Services
1869	WWW	ウルヴァリン・ワ...	一般消費財	アパレル・アクセサリー・贅沢品
1870	XERS	XerisPharmaceutic...	ヘルスケア	バイオテクノロジー
1871	XHR	ゼニア・ホテルズ...	不動産	REIT-Hotel & Motel
1872	XMTR	XometryInc	資本財	Specialty Industrial Machinery
1873	XNCR	ゼンコア	ヘルスケア	バイオテクノロジー
1874	XOS	エクソス	資本財	Farm & Heavy Construction Mach
1875	XPEL	エクスペル	一般消費財	Auto Parts
1876	XPER	エクスペリ・コー...	情報技術	半導体装置
1877	XPOF	XponentialFitnessInc	景気連動型消費財	Leisure
1878	XPRO	エクスプロ・グル...	エネルギー	Oil & Gas Equipment & Services
1879	XRX	ゼロックス	情報技術	テクノロジー ハードウェア・コンピュータ記憶装置・周辺機器
1880	XXII	22ndセンチュリー...	生活必需品	タバコ
1881	YELP	イェルプ	情報技術	インターネットサービスおよびインフラストラクチャー
1882	YEXT	イエクスト	情報技術	システム・ソフトウェア
1883	YMAB	YmAbsTherapeuticsInc	ヘルスケア	バイオテクノロジー
1884	YORW	ヨーク・ウォーター	公益事業	水道
1885	YOU	ClearSecureInc	電気通信	Software-Application
1886	ZD	ジフ・デービス	情報技術	Advertising Agencies
1887	ZETA	ZetaGlobalHolding...	テクノロジー	Software-Application
1888	ZEUS	オリンピック・ス...	素材	鉄鋼
1889	ZEV	ライトニング・eモ...	資本財	Farm & Heavy Construction Mach
1890	ZGN	エルメネジルド・...	景気連動型消費財	衣料品 製造
1891	ZIMV	ジムヴィー	ヘルスケア	Medical Devices
1892	ZIP	ZipRecruiterInc	資本財	Staffing & Employment Services
1893	ZNTL	ゼンタリス・ファ...	ヘルスケア	バイオテクノロジー
1894	ZUMZ	ズミーズ	一般消費財	専門店
1895	ZUO	ズオラ　クラスA	情報技術	システム・ソフトウェア
1896	ZWS	ザーン・ウォータ...	公益事業	Utilities-Regulated Water
1897	ZYXI	ジネックス	ヘルスケア	ヘルスケア機器
